EN674,2022-01-06T00:00:00.0000000,2022-01-06T00:00:00.0000000
EN675,2022-02-03T00:00:00.0000000,2022-02-07T00:00:00.0000000
EN676,2022-02-20T00:00:00.0000000,2022-02-23T00:00:00.0000000
EN677,2022-03-24T00:00:00.0000000,2022-03-29T00:00:00.0000000
EN678,2022-04-12T00:00:00.0000000,2022-04-12T00:00:00.0000000
EN679,2022-04-15T00:00:00.0000000,2022-04-29T00:00:00.0000000
EN680,2022-05-01T00:00:00.0000000,2022-05-01T00:00:00.0000000
EN681,2022-05-10T00:00:00.0000000,2022-05-15T00:00:00.0000000
EN682,2022-05-19T00:00:00.0000000,2022-05-22T00:00:00.0000000
EN683,2022-05-24T00:00:00.0000000,2022-06-12T00:00:00.0000000
EN684,2022-06-14T00:00:00.0000000,2022-06-16T00:00:00.0000000
EN685,2022-07-13T00:00:00.0000000,2022-07-18T00:00:00.0000000
EN686,2022-07-26T00:00:00.0000000,2022-07-26T00:00:00.0000000
EN687,2022-07-29T00:00:00.0000000,2022-08-03T00:00:00.0000000
EN688,2022-08-06T00:00:00.0000000,2022-08-19T00:00:00.0000000
EN689,2022-08-21T00:00:00.0000000,2022-08-21T00:00:00.0000000
EN690,2022-08-27T00:00:00.0000000,2022-09-03T00:00:00.0000000
EN691,2022-09-13T00:00:00.0000000,2022-09-29T00:00:00.0000000
EN692,2022-10-07T00:00:00.0000000,2022-10-12T00:00:00.0000000
EN693,2022-10-21T00:00:00.0000000,2022-10-23T00:00:00.0000000