Cruise,lat,lon
EN-001,48.800,-68.600
EN-001,48.700,-62.633
EN-001,45.608,-60.272
EN-001,43.333,-64.100
EN-001,40.783,-65.600
EN-001,41.025,-69.083
EN-001,41.167,-71.383
EN-002,40.717,-70.000
EN-002,40.833,-69.208
EN-003,38.550,-70.223
EN-003,41.368,-70.752
EN-003,40.700,-69.967
EN-003,41.467,-70.733
EN-004,40.537,-70.008
EN-004,40.870,-68.350
EN-004,40.833,-69.230
EN-004,40.010,-69.527
EN-005,41.042,-69.563
EN-005,41.003,-69.390
EN-005,41.042,-69.395
EN-005,41.358,-71.188
EN-006,38.083,-67.500
EN-006,35.407,-62.890
EN-006,33.857,-54.745
EN-006,32.535,-56.703
EN-006,32.998,-59.830
EN-006,33.728,-62.673
EN-006,35.033,-68.533
EN-006,38.892,-70.158
EN-006,41.483,-71.342
EN-007,39.777,-74.000
EN-007,35.033,-66.683
EN-007,31.917,-65.283
EN-007,30.333,-68.117
EN-007,29.425,-69.975
EN-007,29.998,-70.003
EN-007,30.080,-69.698
EN-007,30.117,-70.117
EN-007,30.508,-70.060
EN-007,31.375,-70.000
EN-007,31.487,-70.533
EN-007,31.600,-70.022
EN-007,32.125,-69.980
EN-007,31.600,-68.500
EN-007,29.500,-69.997
EN-007,29.383,-70.000
EN-007,26.500,-69.983
EN-007,26.000,-70.000
EN-007,24.750,-70.033
EN-007,24.017,-70.100
EN-007,24.050,-70.750
EN-007,25.350,-75.667
EN-008,25.417,-75.392
EN-008,24.775,-71.933
EN-008,23.617,-73.550
EN-008,22.883,-71.055
EN-008,23.003,-69.972
EN-008,22.642,-70.760
EN-008,22.780,-71.078
EN-008,22.345,-71.192
EN-008,24.667,-72.000
EN-008,24.733,-71.750
EN-008,25.283,-71.567
EN-008,29.350,-67.950
EN-008,32.547,-64.688
EN-008,36.417,-68.050
EN-008,36.570,-67.570
EN-008,36.000,-68.250
EN-008,38.390,-69.765
EN-008,38.415,-69.798
EN-009,37.850,-69.783
EN-009,35.565,-68.545
EN-009,35.750,-68.667
EN-009,35.543,-69.005
EN-009,35.300,-70.092
EN-009,36.550,-74.800
EN-009,37.217,-76.183
EN-009,34.500,-76.225
EN-009,33.190,-75.017
EN-009,32.583,-74.467
EN-009,32.197,-74.200
EN-009,32.170,-73.792
EN-009,33.550,-76.000
EN-009,32.255,-79.903
EN-009,30.100,-79.750
EN-009,27.700,-78.900
EN-009,27.717,-78.933
EN-009,27.755,-78.992
EN-009,27.775,-78.945
EN-010,23.567,-83.787
EN-010,24.275,-82.158
EN-010,23.435,-84.988
EN-010,23.005,-87.288
EN-010,21.767,-87.950
EN-010,24.000,-88.000
EN-010,28.767,-90.238
EN-010,21.988,-92.175
EN-010,20.883,-90.850
EN-010,19.557,-91.983
EN-010,22.295,-92.185
EN-010,21.933,-89.747
EN-010,22.412,-89.748
EN-010,21.612,-89.705
EN-010,21.927,-89.920
EN-010,21.913,-90.117
EN-010,21.877,-90.250
EN-010,21.877,-90.365
EN-010,21.883,-90.417
EN-010,21.998,-89.708
EN-010,25.467,-86.750
EN-010,25.312,-86.940
EN-010,25.120,-86.995
EN-010,24.917,-86.997
EN-010,24.792,-80.573
EN-011,34.450,-71.630
EN-011,33.633,-73.283
EN-011,33.535,-73.138
EN-011,34.325,-72.187
EN-011,34.483,-71.040
EN-011,34.650,-71.017
EN-011,34.483,-71.900
EN-011,35.097,-71.912
EN-011,34.500,-71.917
EN-011,34.170,-72.113
EN-011,33.953,-72.113
EN-011,35.047,-70.000
EN-011,34.942,-72.325
EN-011,34.700,-72.013
EN-011,37.777,-70.278
EN-011,38.487,-69.097
EN-011,39.117,-71.070
EN-012,37.183,-72.758
EN-012,36.523,-74.088
EN-012,35.790,-73.428
EN-012,36.033,-73.423
EN-012,36.995,-73.572
EN-012,36.265,-73.738
EN-012,34.865,-74.162
EN-012,34.847,-72.917
EN-012,35.445,-74.047
EN-012,37.073,-74.127
EN-012,36.287,-73.745
EN-012,36.223,-73.700
EN-012,36.013,-73.450
EN-012,36.485,-73.868
EN-012,33.913,-76.185
EN-013,31.438,-75.345
EN-013,30.602,-73.983
EN-013,28.978,-73.047
EN-013,24.998,-70.772
EN-013,24.248,-69.683
EN-013,25.633,-69.900
EN-013,27.908,-69.742
EN-013,29.762,-68.922
EN-013,30.680,-66.792
EN-013,31.903,-65.178
EN-013,32.350,-64.700
EN-013,35.055,-61.017
EN-013,35.978,-65.717
EN-013,36.875,-71.198
EN-014,42.217,-70.350
EN-014,42.550,-70.400
EN-014,43.050,-70.317
EN-014,41.617,-69.118
EN-014,41.252,-70.995
EN-015,40.497,-69.997
EN-015,38.750,-69.597
EN-015,36.447,-69.358
EN-015,36.095,-69.482
EN-015,36.278,-69.830
EN-015,36.053,-69.088
EN-015,35.828,-69.103
EN-015,36.012,-69.417
EN-015,36.050,-69.625
EN-015,35.987,-70.078
EN-015,36.282,-70.283
EN-015,37.183,-68.122
EN-015,38.680,-66.850
EN-016,38.842,-70.923
EN-016,35.000,-70.738
EN-016,30.375,-70.992
EN-016,32.777,-72.250
EN-016,32.175,-71.718
EN-016,31.955,-71.190
EN-016,33.147,-70.655
EN-016,31.445,-70.133
EN-016,33.145,-69.595
EN-016,30.970,-69.075
EN-016,33.195,-68.550
EN-016,31.038,-67.483
EN-016,28.038,-69.838
EN-016,32.320,-68.017
EN-016,33.070,-69.052
EN-016,37.417,-70.577
EN-016,41.425,-71.425
EN-017,39.367,-69.313
EN-017,35.907,-66.250
EN-017,35.703,-66.392
EN-017,35.753,-65.958
EN-017,38.203,-68.083
EN-017,38.797,-69.628
EN-017,41.333,-71.417
EN-018,38.523,-70.587
EN-018,33.222,-69.170
EN-018,28.748,-66.933
EN-018,23.707,-66.952
EN-018,19.802,-65.615
EN-018,17.522,-65.092
EN-018,17.690,-63.315
EN-018,17.733,-65.333
EN-018,17.797,-65.388
EN-018,17.825,-65.470
EN-018,17.867,-65.448
EN-018,18.213,-64.680
EN-018,19.525,-65.240
EN-018,19.617,-65.433
EN-018,19.695,-65.600
EN-018,19.800,-65.733
EN-018,19.952,-66.025
EN-018,18.863,-66.183
EN-018,22.258,-66.975
EN-018,22.967,-69.325
EN-018,26.303,-71.075
EN-018,30.692,-73.832
EN-018,34.753,-73.222
EN-018,39.849,-71.872
EN-019,39.312,-70.150
EN-019,39.102,-70.262
EN-019,39.580,-70.210
EN-020,37.800,-69.597
EN-020,32.385,-66.935
EN-020,27.447,-64.988
EN-020,22.175,-64.163
EN-020,17.913,-63.137
EN-020,15.847,-62.713
EN-020,17.337,-62.438
EN-020,17.445,-61.033
EN-020,16.133,-60.708
EN-020,17.228,-59.225
EN-020,15.767,-57.595
EN-020,14.662,-59.398
EN-020,14.800,-61.692
EN-020,15.207,-61.418
EN-020,14.525,-62.073
EN-020,13.087,-62.695
EN-020,13.783,-60.483
EN-020,12.442,-60.403
EN-020,12.308,-61.642
EN-020,12.300,-61.633
EN-020,13.858,-61.563
EN-020,18.373,-61.605
EN-020,23.667,-63.452
EN-020,26.777,-64.358
EN-020,33.558,-66.015
EN-020,35.342,-69.333
EN-020,40.683,-70.367
EN-021,37.883,-72.117
EN-021,33.150,-73.450
EN-021,29.945,-76.623
EN-021,29.932,-76.595
EN-021,31.457,-69.500
EN-021,31.220,-69.337
EN-021,30.930,-69.338
EN-021,30.675,-69.470
EN-021,30.928,-69.338
EN-021,31.308,-65.388
EN-021,32.378,-64.678
EN-021,32.378,-64.678
EN-021,30.678,-68.723
EN-021,30.533,-71.500
EN-021,29.928,-76.595
EN-021,32.922,-75.362
EN-021,37.728,-71.738
EN-023,39.095,-68.403
EN-023,35.393,-64.078
EN-023,35.107,-62.048
EN-023,34.608,-61.412
EN-023,33.340,-60.045
EN-023,34.413,-59.353
EN-023,34.018,-58.917
EN-023,33.143,-57.797
EN-023,32.802,-56.885
EN-023,33.010,-57.582
EN-023,32.730,-57.373
EN-023,32.777,-57.203
EN-023,32.867,-57.150
EN-023,33.105,-57.738
EN-023,33.595,-59.163
EN-023,42.200,-65.120
EN-023,36.593,-66.915
EN-023,41.155,-79.095
EN-024,40.483,-69.868
EN-024,37.160,-64.265
EN-024,35.093,-60.980
EN-024,35.077,-61.677
EN-024,35.130,-61.957
EN-024,34.950,-61.702
EN-024,34.912,-61.822
EN-024,35.615,-61.370
EN-024,35.667,-63.103
EN-024,36.042,-63.022
EN-024,38.563,-67.587
EN-024,40.780,-70.127
EN-025,41.467,-67.067
EN-025,44.523,-63.425
EN-025,45.675,-57.067
EN-025,47.832,-49.703
EN-025,50.560,-42.937
EN-025,52.242,-40.517
EN-025,53.413,-35.235
EN-025,55.362,-35.290
EN-025,57.135,-33.412
EN-025,58.483,-31.552
EN-025,61.575,-27.002
EN-025,61.302,-25.903
EN-025,67.802,-19.398
EN-026,71.004,-8.793
EN-026,71.037,-7.163
EN-026,71.227,-5.765
EN-026,71.410,-3.765
EN-026,71.958,-1.512
EN-026,72.342,-1.443
EN-026,72.860,4.138
EN-026,73.402,7.405
EN-026,74.013,8.747
EN-026,74.977,8.172
EN-026,75.970,7.660
EN-026,76.555,7.165
EN-026,77.317,7.567
EN-026,77.880,7.788
EN-026,79.385,2.685
EN-026,76.637,6.702
EN-026,75.020,8.160
EN-026,73.818,8.525
EN-026,73.582,8.135
EN-026,69.808,7.480
EN-026,65.118,6.587
EN-026,60.450,5.300
EN-027,59.848,-0.635
EN-027,59.295,-9.390
EN-027,58.862,-12.463
EN-027,58.915,-12.283
EN-027,58.792,-12.392
EN-027,58.983,-12.600
EN-027,58.927,-12.655
EN-027,59.158,-12.483
EN-027,59.022,-12.498
EN-027,59.070,-12.307
EN-027,59.042,-12.500
EN-027,59.047,-12.498
EN-027,59.053,-12.654
EN-027,58.908,-13.050
EN-027,59.048,-12.890
EN-027,59.408,-13.353
EN-027,59.408,-13.353
EN-028,64.092,-23.275
EN-028,60.640,-27.045
EN-028,57.447,-31.082
EN-028,53.165,-37.065
EN-028,49.998,-42.137
EN-028,46.915,-46.915
EN-028,44.510,-51.963
EN-028,42.908,-58.793
EN-028,41.470,-65.477
EN-029,40.150,-70.217
EN-029,36.583,-66.833
EN-029,35.732,-65.843
EN-029,36.067,-66.150
EN-029,36.448,-66.690
EN-029,40.438,-70.037
EN-030,38.602,-71.587
EN-030,34.197,-72.053
EN-030,32.567,-72.152
EN-030,32.613,-71.510
EN-030,32.253,-71.087
EN-030,33.000,-74.858
EN-030,32.113,-75.420
EN-030,29.870,-76.603
EN-030,29.910,-76.630
EN-030,29.562,-77.365
EN-030,30.112,-74.408
EN-030,29.853,-74.268
EN-030,30.037,-73.747
EN-030,30.790,-72.138
EN-030,30.343,-70.297
EN-030,31.885,-65.287
EN-030,31.170,-64.805
EN-030,31.655,-61.903
EN-030,32.510,-62.910
EN-030,31.942,-65.257
EN-030,34.015,-67.752
EN-030,33.748,-68.462
EN-030,31.935,-70.843
EN-030,31.985,-71.615
EN-030,32.802,-72.218
EN-030,34.557,-73.878
EN-030,35.213,-72.888
EN-030,39.893,-71.178
EN-031,32.137,-74.580
EN-031,33.072,-76.182
EN-031,33.915,-76.192
EN-031,33.785,-75.533
EN-031,33.680,-75.848
EN-032,31.843,-77.787
EN-032,30.050,-80.663
EN-032,24.895,-80.502
EN-032,25.148,-86.048
EN-032,26.849,-90.691
EN-032,27.026,-91.275
EN-032,26.907,-91.367
EN-032,26.922,-91.346
EN-032,25.969,-93.498
EN-032,26.503,-93.331
EN-032,26.972,-95.473
EN-032,26.212,-93.685
EN-032,27.148,-92.272
EN-032,29.002,-87.845
EN-032,27.817,-86.918
EN-032,24.295,-86.560
EN-032,23.445,-85.234
EN-032,24.563,-83.208
EN-033,22.350,-84.838
EN-033,19.167,-84.004
EN-033,19.197,-84.250
EN-033,18.957,-83.954
EN-033,18.887,-83.730
EN-033,18.500,-80.382
EN-033,18.488,-81.797
EN-033,18.325,-80.592
EN-033,18.398,-80.496
EN-033,18.990,-80.109
EN-033,18.983,-80.931
EN-033,18.928,-81.318
EN-033,18.430,-81.218
EN-033,18.772,-81.636
EN-033,18.772,-81.636
EN-033,18.772,-81.636
EN-033,18.241,-82.838
EN-033,17.956,-80.505
EN-033,17.941,-80.808
EN-033,18.038,-80.958
EN-033,18.059,-80.770
EN-033,18.235,-80.867
EN-033,20.998,-84.098
EN-033,24.321,-81.562
EN-034,25.667,-76.008
EN-034,23.433,-72.933
EN-034,20.567,-69.017
EN-034,10.900,-64.533
EN-034,10.500,-64.667
EN-034,10.517,-64.633
EN-034,10.517,-64.617
EN-034,10.517,-64.633
EN-034,10.433,-64.417
EN-034,9.567,-60.700
EN-034,9.667,-60.650
EN-034,9.600,-60.400
EN-034,10.417,-60.133
EN-034,11.467,-60.017
EN-034,13.700,-61.250
EN-034,14.333,-62.533
EN-034,14.233,-62.217
EN-034,14.217,-62.367
EN-034,14.200,-62.217
EN-034,16.883,-64.300
EN-035,18.783,-65.967
EN-035,22.433,-63.933
EN-035,27.083,-61.133
EN-035,31.633,-58.383
EN-035,32.917,-57.633
EN-035,35.783,-62.733
EN-035,38.650,-68.267
EN-036,37.832,-73.245
EN-036,35.855,-73.835
EN-036,35.733,-73.330
EN-036,36.148,-73.713
EN-036,35.941,-72.821
EN-036,35.952,-74.295
EN-036,38.053,-72.078
EN-037,36.793,-73.823
EN-037,34.111,-76.546
EN-037,33.946,-76.280
EN-037,33.982,-76.160
EN-037,36.378,-73.069
EN-037,41.376,-71.406
EN-038,37.170,-68.726
EN-038,35.667,-66.370
EN-038,33.802,-69.802
EN-038,33.160,-68.028
EN-038,34.364,-66.717
EN-038,35.612,-63.500
EN-038,34.287,-62.860
EN-038,32.885,-64.943
EN-038,33.890,-64.475
EN-038,34.753,-64.198
EN-038,34.107,-64.718
EN-038,34.838,-64.879
EN-038,33.339,-64.735
EN-038,35.022,-63.047
EN-038,32.396,-64.452
EN-038,34.226,-65.105
EN-038,33.227,-64.940
EN-038,34.325,-64.902
EN-038,35.478,-64.872
EN-038,35.763,-65.120
EN-038,36.151,-66.529
EN-038,37.981,-71.624
EN-038,40.584,-70.997
EN-039,37.652,-70.891
EN-039,36.445,-67.615
EN-039,35.905,-66.484
EN-039,35.860,-65.215
EN-039,34.766,-64.377
EN-039,35.238,-65.510
EN-039,35.107,-66.556
EN-039,34.285,-66.142
EN-039,34.126,-66.070
EN-039,34.105,-66.086
EN-039,33.857,-66.044
EN-039,31.500,-66.042
EN-039,30.195,-66.623
EN-039,29.373,-65.964
EN-039,32.302,-64.667
EN-039,33.329,-66.827
EN-039,35.158,-68.070
EN-039,37.115,-69.292
EN-039,39.315,-71.010
EN-039,40.886,-70.919
EN-040,37.928,-73.493
EN-040,34.703,-76.690
EN-040,33.923,-76.190
EN-040,33.920,-75.617
EN-040,33.895,-76.202
EN-040,33.357,-76.688
EN-040,33.057,-76.560
EN-040,34.008,-76.108
EN-041,35.820,-73.750
EN-041,36.105,-72.887
EN-041,34.427,-73.800
EN-041,36.472,-73.217
EN-041,35.887,-73.518
EN-041,33.807,-74.037
EN-041,36.457,-73.198
EN-041,37.202,-72.172
EN-041,40.868,-71.000
EN-042,39.883,-70.448
EN-042,39.150,-72.400
EN-042,39.153,-72.405
EN-042,39.115,-72.410
EN-042,39.043,-72.672
EN-042,39.017,-72.722
EN-042,38.923,-72.822
EN-042,38.895,-72.847
EN-042,38.765,-72.793
EN-042,38.412,-73.388
EN-042,38.135,-73.598
EN-042,38.968,-72.760
EN-042,38.873,-72.867
EN-042,38.862,-72.948
EN-042,38.887,-72.772
EN-042,38.897,-72.818
EN-042,39.808,-70.920
EN-042,39.838,-70.650
EN-042,39.863,-70.465
EN-042,39.812,-70.448
EN-042,40.767,-68.628
EN-043,41.210,-61.505
EN-043,36.957,-63.640
EN-043,33.098,-64.998
EN-043,32.550,-64.822
EN-043,34.277,-69.017
EN-043,36.207,-73.495
EN-043,35.995,-73.223
EN-043,35.672,-73.760
EN-043,35.858,-73.136
EN-043,36.054,-73.254
EN-043,36.220,-73.487
EN-043,37.386,-72.604
EN-044,41.165,-71.500
EN-044,37.128,-73.125
EN-044,36.355,-73.640
EN-044,35.953,-73.868
EN-044,35.952,-73.227
EN-044,36.563,-72.905
EN-044,37.003,-72.372
EN-044,36.590,-73.262
EN-044,36.735,-73.087
EN-044,36.138,-73.207
EN-044,35.145,-72.900
EN-045,33.848,-76.263
EN-045,33.288,-75.965
EN-045,32.942,-78.050
EN-045,31.863,-77.948
EN-045,33.079,-77.527
EN-045,34.289,-76.962
EN-045,30.547,-81.028
EN-046,24.383,-83.515
EN-046,35.346,-5.031
EN-046,25.216,-86.001
EN-046,25.217,-86.001
EN-046,25.220,-85.970
EN-046,28.291,-88.572
EN-046,28.852,-89.269
EN-046,28.847,-89.269
EN-046,26.995,-85.469
EN-046,24.338,-81.664
EN-046,30.298,-81.071
EN-047,29.189,-79.601
EN-047,28.842,-79.362
EN-047,26.814,-77.146
EN-047,21.952,-74.310
EN-047,18.335,-75.052
EN-047,13.148,-77.582
EN-048,7.523,-83.047
EN-048,8.642,-87.408
EN-048,9.783,-91.150
EN-048,9.008,-91.308
EN-048,9.083,-90.415
EN-048,10.108,-89.982
EN-048,10.149,-90.606
EN-048,9.978,-90.897
EN-048,10.222,-90.752
EN-048,10.007,-90.725
EN-048,10.205,-90.088
EN-048,10.100,-90.142
EN-048,10.108,-90.330
EN-048,9.948,-90.544
EN-048,8.833,-88.155
EN-048,7.450,-82.794
EN-048,8.848,-79.499
EN-048,10.222,-79.050
EN-048,13.442,-74.565
EN-048,16.714,-70.140
EN-049,17.619,-65.546
EN-049,17.696,-65.510
EN-049,17.711,-65.560
EN-049,17.763,-65.598
EN-049,17.808,-65.768
EN-049,17.880,-65.638
EN-049,17.958,-65.868
EN-049,17.712,-65.557
EN-049,18.075,-65.207
EN-049,22.502,-66.380
EN-049,23.163,-66.552
EN-049,23.164,-66.606
EN-049,23.186,-66.536
EN-049,23.213,-66.451
EN-049,23.200,-66.400
EN-049,23.082,-66.593
EN-049,19.187,-66.273
EN-049,24.375,-67.413
EN-049,29.180,-68.557
EN-049,34.330,-69.825
EN-049,39.203,-70.730
EN-050,41.167,-70.828
EN-050,38.390,-68.280
EN-050,35.050,-64.998
EN-050,32.442,-64.698
EN-050,28.386,-63.005
EN-050,25.912,-60.605
EN-050,25.733,-55.233
EN-050,25.550,-49.783
EN-050,27.705,-47.405
EN-050,32.342,-45.860
EN-050,35.328,-45.890
EN-050,34.053,-51.608
EN-050,33.225,-56.110
EN-050,32.110,-58.958
EN-050,32.190,-63.118
EN-050,29.497,-61.585
EN-050,26.170,-57.607
EN-050,24.953,-54.995
EN-050,28.572,-54.992
EN-050,32.220,-55.030
EN-050,35.502,-54.950
EN-050,37.825,-55.167
EN-050,39.153,-54.665
EN-050,41.333,-54.992
EN-050,41.475,-56.902
EN-050,41.105,-61.650
EN-050,40.615,-67.332
EN-051,40.239,-68.261
EN-051,39.408,-62.300
EN-051,38.825,-56.958
EN-051,37.477,-49.942
EN-051,36.402,-44.027
EN-051,35.623,-38.282
EN-051,35.170,-35.248
EN-051,35.155,-35.037
EN-051,35.100,-34.013
EN-051,36.557,-32.577
EN-051,38.812,-27.772
EN-051,38.670,-27.478
EN-051,37.617,-25.980
EN-051,36.012,-31.617
EN-051,35.103,-35.105
EN-051,35.035,-35.327
EN-051,35.415,-35.333
EN-051,35.163,-35.748
EN-051,34.620,-35.047
EN-051,35.013,-34.962
EN-051,35.353,-34.873
EN-051,35.023,-35.093
EN-051,34.015,-35.060
EN-051,35.067,-35.003
EN-051,34.947,-35.148
EN-051,35.142,-35.982
EN-051,35.145,-36.008
EN-051,35.342,-34.887
EN-051,35.348,-34.943
EN-051,35.060,-34.955
EN-051,35.523,-37.033
EN-051,36.592,-43.332
EN-051,37.618,-50.180
EN-051,39.348,-55.280
EN-051,39.730,-59.850
EN-051,40.495,-65.572
EN-051,41.362,-71.393
EN-052,40.650,-71.350
EN-052,40.650,-71.350
EN-052,37.583,-74.603
EN-052,37.583,-74.603
EN-052,36.567,-73.037
EN-052,36.567,-73.037
EN-052,35.483,-73.767
EN-052,35.483,-73.767
EN-052,35.957,-73.733
EN-052,35.957,-73.733
EN-052,36.567,-72.753
EN-052,36.567,-72.753
EN-052,36.650,-73.383
EN-052,36.650,-73.383
EN-052,35.920,-74.062
EN-052,35.920,-74.062
EN-052,36.233,-73.048
EN-052,36.233,-73.048
EN-052,35.922,-74.362
EN-052,35.922,-74.362
EN-052,35.903,-73.322
EN-052,35.903,-73.322
EN-052,36.518,-73.897
EN-052,36.518,-73.897
EN-052,36.233,-73.902
EN-052,36.233,-73.902
EN-052,35.603,-73.205
EN-052,35.603,-73.205
EN-052,36.303,-73.858
EN-052,36.303,-73.858
EN-052,35.805,-73.380
EN-052,35.805,-73.380
EN-052,38.923,-73.387
EN-052,38.923,-73.387
EN-053,40.812,-71.367
EN-053,40.812,-71.367
EN-053,36.648,-71.358
EN-053,36.648,-71.358
EN-053,35.592,-71.627
EN-053,35.592,-71.627
EN-053,36.147,-71.640
EN-053,36.147,-71.640
EN-053,35.040,-71.852
EN-053,35.040,-71.852
EN-053,32.955,-70.988
EN-053,32.955,-70.988
EN-053,32.652,-70.628
EN-053,32.652,-70.628
EN-053,32.585,-69.935
EN-053,32.595,-69.935
EN-053,32.612,-70.458
EN-053,32.612,-70.458
EN-053,33.703,-72.928
EN-053,33.703,-72.928
EN-053,34.727,-76.742
EN-053,34.727,-76.742
EN-053,34.162,-74.308
EN-053,34.162,-74.308
EN-053,32.585,-69.988
EN-053,32.585,-69.988
EN-053,32.612,-70.845
EN-053,32.612,-70.845
EN-053,32.763,-70.737
EN-053,32.763,-70.737
EN-053,33.198,-71.382
EN-053,33.198,-71.382
EN-053,33.128,-71.435
EN-053,33.128,-71.435
EN-053,33.060,-72.083
EN-053,33.060,-72.083
EN-053,37.725,-71.585
EN-053,37.725,-71.585
EN-054,37.052,-70.982
EN-054,37.052,-70.982
EN-054,33.705,-69.875
EN-054,33.705,-69.875
EN-054,33.602,-69.713
EN-054,33.602,-69.713
EN-054,33.527,-69.662
EN-054,33.527,-69.662
EN-054,32.762,-69.303
EN-054,32.762,-69.303
EN-054,28.713,-68.383
EN-054,28.713,-68.383
EN-054,28.713,-68.420
EN-054,28.713,-68.420
EN-054,28.787,-68.302
EN-054,28.787,-68.302
EN-054,28.370,-67.938
EN-054,28.370,-67.938
EN-054,24.992,-65.107
EN-054,24.992,-65.107
EN-054,25.032,-65.037
EN-054,25.032,-65.037
EN-054,25.022,-65.100
EN-054,25.022,-65.100
EN-054,25.010,-65.102
EN-054,25.010,-65.102
EN-054,28.775,-64.742
EN-054,28.775,-64.742
EN-054,30.440,-64.637
EN-054,35.937,-67.310
EN-054,35.937,-67.310
EN-054,38.077,-68.822
EN-054,38.077,-68.822
EN-054,37.940,-67.775
EN-054,37.940,-67.775
EN-054,38.307,-68.873
EN-054,38.307,-68.873
EN-054,38.713,-67.647
EN-054,38.713,-67.647
EN-055,40.663,-70.413
EN-055,37.772,-71.353
EN-055,37.772,-71.353
EN-055,32.872,-70.748
EN-055,32.872,-70.748
EN-055,35.415,-72.640
EN-055,35.415,-72.640
EN-055,35.748,-73.032
EN-055,35.748,-73.032
EN-055,36.092,-73.313
EN-055,36.092,-73.313
EN-055,36.213,-73.013
EN-055,36.213,-73.013
EN-055,40.913,-71.523
EN-055,40.913,-71.523
EN-056,38.717,-69.285
EN-056,38.717,-69.285
EN-056,40.328,-67.538
EN-056,40.328,-67.538
EN-056,40.028,-67.952
EN-056,40.028,-67.952
EN-056,40.202,-67.322
EN-056,40.202,-67.322
EN-056,40.042,-67.608
EN-056,40.042,-67.608
EN-056,39.967,-69.020
EN-056,39.967,-69.020
EN-056,40.077,-69.825
EN-056,40.077,-69.825
EN-056,40.500,-71.000
EN-056,38.982,-72.073
EN-056,38.982,-72.073
EN-056,38.947,-72.710
EN-056,38.947,-72.710
EN-056,38.875,-72.633
EN-056,38.875,-72.633
EN-056,38.730,-72.515
EN-056,38.730,-72.515
EN-056,38.622,-72.360
EN-056,38.622,-72.360
EN-056,38.530,-72.645
EN-056,38.530,-72.645
EN-056,38.288,-73.198
EN-056,38.288,-73.198
EN-056,38.858,-72.858
EN-056,38.858,-72.858
EN-056,38.987,-72.658
EN-056,38.987,-72.658
EN-056,38.793,-72.858
EN-056,38.793,-72.858
EN-056,38.767,-72.860
EN-056,38.767,-72.860
EN-056,38.652,-72.740
EN-056,38.652,-72.740
EN-057,41.000,-71.000
EN-057,41.000,-71.000
EN-057,36.980,-73.678
EN-057,36.980,-73.678
EN-057,34.727,-76.742
EN-057,34.727,-76.742
EN-057,34.347,-77.592
EN-057,34.727,-76.742
EN-057,33.763,-77.583
EN-057,33.763,-77.583
EN-057,33.835,-77.488
EN-057,33.835,-77.488
EN-057,33.662,-77.625
EN-057,33.662,-77.625
EN-057,34.215,-76.893
EN-057,34.215,-76.893
EN-057,34.455,-76.807
EN-057,34.455,-76.807
EN-057,33.848,-77.593
EN-057,33.848,-77.593
EN-057,33.850,-77.288
EN-057,33.850,-77.288
EN-057,34.607,-76.993
EN-057,34.607,-76.993
EN-057,34.727,-76.742
EN-058,36.408,-73.687
EN-058,36.408,-73.687
EN-058,35.562,-72.883
EN-058,35.562,-72.883
EN-058,35.262,-73.580
EN-058,35.262,-73.580
EN-058,35.340,-72.620
EN-058,35.340,-72.620
EN-058,35.730,-73.014
EN-058,35.730,-73.014
EN-058,36.579,-73.427
EN-058,36.579,-73.418
EN-058,39.045,-73.624
EN-058,39.045,-73.624
EN-059,37.840,-70.028
EN-059,37.840,-70.028
EN-059,33.560,-66.958
EN-059,33.560,-66.958
EN-059,28.952,-65.360
EN-059,28.952,-65.360
EN-059,25.200,-63.965
EN-059,25.200,-63.965
EN-059,20.653,-62.227
EN-059,20.653,-62.227
EN-059,16.647,-60.938
EN-059,16.647,-60.938
EN-060,12.955,-58.642
EN-060,12.955,-58.642
EN-060,12.743,-53.843
EN-060,12.743,-53.843
EN-060,12.492,-49.292
EN-060,12.102,-44.475
EN-060,11.708,-39.583
EN-060,11.278,-35.722
EN-060,10.713,-31.012
EN-060,10.032,-26.542
EN-060,7.983,-29.993
EN-060,5.203,-26.012
EN-060,2.997,-26.003
EN-060,0.820,-26.002
EN-060,-0.052,-26.018
EN-060,-0.770,-26.008
EN-060,-1.373,-25.988
EN-060,0.082,-23.958
EN-060,-0.003,-20.540
EN-060,-0.005,-16.062
EN-060,1.198,-11.693
EN-060,3.453,-7.265
EN-061,3.532,-6.335
EN-061,1.020,-9.878
EN-061,-1.468,-13.358
EN-061,-2.260,-12.488
EN-061,-3.443,-12.205
EN-061,-4.310,-12.202
EN-061,-6.002,-11.597
EN-061,-7.283,-12.792
EN-061,-8.030,-13.440
EN-061,-9.095,-13.318
EN-061,-9.940,-13.138
EN-061,-11.067,-13.227
EN-061,-12.020,-14.412
EN-061,-14.383,-13.420
EN-061,-15.520,-13.323
EN-061,-17.273,-14.158
EN-061,-17.870,-12.938
EN-061,-19.037,-12.333
EN-061,-20.313,-11.712
EN-061,-21.115,-16.548
EN-061,-21.855,-21.808
EN-061,-22.372,-27.213
EN-061,-22.767,-32.432
EN-061,-22.977,-37.958
EN-062,-23.408,-42.928
EN-062,-27.915,-40.943
EN-062,-30.952,-39.840
EN-062,-30.087,-40.390
EN-062,-26.132,-41.965
EN-063,-23.093,-42.638
EN-063,-23.120,-38.377
EN-063,-22.948,-34.195
EN-063,-22.688,-29.860
EN-063,-22.417,-25.553
EN-063,-22.123,-21.307
EN-063,-21.625,-16.953
EN-063,-21.047,-12.788
EN-063,-21.493,-11.887
EN-063,-22.005,-10.960
EN-063,-22.558,-12.097
EN-063,-22.987,-13.637
EN-063,-23.992,-13.848
EN-063,-24.513,-13.373
EN-063,-25.310,-13.738
EN-063,-26.508,-13.975
EN-063,-27.520,-13.395
EN-063,-28.512,-12.458
EN-063,-29.087,-13.495
EN-063,-29.468,-13.048
EN-063,-30.488,-13.643
EN-063,-31.390,-13.127
EN-063,-31.017,-14.673
EN-063,-31.008,-20.400
EN-063,-31.000,-25.800
EN-063,-29.842,-29.443
EN-063,-29.137,-32.232
EN-063,-31.162,-34.195
EN-063,-32.222,-32.750
EN-063,-30.772,-35.778
EN-063,-28.580,-40.730
EN-063,-26.922,-41.437
EN-064,-23.083,-42.750
EN-064,-21.767,-39.033
EN-064,-17.448,-36.845
EN-064,-12.560,-35.480
EN-064,-8.040,-34.853
EN-065,-5.863,-31.645
EN-065,-2.445,-28.435
EN-065,-0.005,-26.023
EN-065,0.075,-24.003
EN-065,-0.600,-24.625
EN-065,-1.052,-26.002
EN-065,-0.012,-26.008
EN-065,1.603,-26.067
EN-065,4.422,-26.003
EN-065,6.993,-26.010
EN-065,9.742,-26.012
EN-065,11.847,-22.653
EN-065,14.138,-18.332
EN-065,14.663,-17.417
EN-066,14.405,-17.523
EN-066,9.822,-19.480
EN-066,6.933,-21.918
EN-066,6.390,-21.622
EN-066,5.133,-21.005
EN-066,3.555,-20.220
EN-066,2.213,-19.683
EN-066,4.313,-20.222
EN-066,5.142,-20.978
EN-066,5.315,-22.197
EN-066,5.532,-23.300
EN-066,7.500,-27.730
EN-066,9.037,-32.783
EN-066,10.000,-37.867
EN-066,10.843,-43.030
EN-066,11.638,-48.117
EN-066,12.325,-53.237
EN-066,12.928,-58.602
EN-066,12.917,-58.500
EN-066,13.098,-58.673
EN-067,13.328,-60.177
EN-068,15.548,-63.915
EN-068,18.232,-67.487
EN-068,21.423,-66.557
EN-068,26.187,-65.703
EN-068,30.617,-64.928
EN-068,32.377,-64.690
EN-069,32.378,-64.683
EN-069,33.650,-69.632
EN-069,32.603,-70.548
EN-069,31.987,-70.953
EN-069,15.972,-70.070
EN-069,32.570,-69.838
EN-069,33.058,-70.568
EN-069,33.240,-70.727
EN-069,33.195,-71.595
EN-069,33.093,-72.548
EN-069,34.718,-76.703
EN-069,33.482,-73.530
EN-069,33.033,-70.678
EN-069,32.697,-70.837
EN-069,33.115,-71.990
EN-069,34.715,-76.703
EN-070,34.717,-76.703
EN-070,35.833,-73.488
EN-070,36.093,-73.353
EN-070,35.392,-72.655
EN-070,36.068,-73.670
EN-070,36.503,-72.248
EN-070,36.543,-71.758
EN-070,36.242,-73.667
EN-070,36.372,-73.420
EN-070,36.997,-71.985
EN-070,41.192,-71.032
EN-071,41.083,-71.433
EN-071,36.737,-71.592
EN-071,33.577,-71.128
EN-071,33.050,-71.017
EN-071,32.802,-70.395
EN-071,32.698,-69.802
EN-071,32.420,-70.775
EN-071,32.735,-70.935
EN-071,33.128,-70.470
EN-071,36.965,-71.283
EN-071,41.487,-71.430
EN-071,39.402,-72.000
EN-072,36.595,-73.885
EN-072,36.283,-73.500
EN-072,35.355,-72.647
EN-072,36.683,-73.150
EN-072,37.107,-72.327
EN-072,40.637,-71.492
EN-073,41.290,-71.396
EN-073,37.805,-70.283
EN-073,35.495,-69.725
EN-073,34.882,-69.608
EN-073,33.052,-72.457
EN-073,33.510,-72.117
EN-073,34.787,-74.388
EN-073,37.213,-73.068
EN-073,38.290,-71.103
EN-073,40.358,-70.868
EN-074,39.715,-66.748
EN-074,40.250,-64.487
EN-074,40.060,-64.585
EN-074,39.262,-64.998
EN-074,40.125,-63.747
EN-074,40.955,-62.622
EN-074,39.820,-62.930
EN-074,38.848,-63.293
EN-074,40.437,-63.840
EN-074,40.503,-65.383
EN-074,40.348,-63.578
EN-074,39.932,-64.918
EN-074,39.268,-63.470
EN-074,40.377,-63.998
EN-074,41.127,-63.813
EN-074,38.712,-65.040
EN-074,38.138,-65.818
EN-074,39.962,-66.039
EN-075,41.097,-70.772
EN-075,40.543,-64.773
EN-075,40.005,-62.513
EN-075,40.165,-62.387
EN-075,40.443,-62.332
EN-075,40.492,-63.987
EN-075,40.936,-70.452
EN-076,41.335,-71.413
EN-076,39.813,-69.177
EN-076,39.923,-69.160
EN-076,39.923,-69.197
EN-076,39.717,-69.457
EN-076,39.802,-69.400
EN-076,40.343,-67.690
EN-076,40.415,-67.652
EN-076,40.170,-67.622
EN-076,40.315,-67.672
EN-076,40.258,-67.623
EN-076,40.323,-67.676
EN-076,40.957,-70.472
EN-077,39.247,-70.018
EN-077,37.127,-73.122
EN-077,35.933,-73.077
EN-077,35.728,-73.015
EN-077,36.623,-72.642
EN-077,37.122,-72.718
EN-077,36.062,-73.662
EN-077,37.678,-73.238
EN-077,39.672,-72.197
EN-078,41.150,-70.868
EN-078,40.572,-64.498
EN-078,40.447,-62.406
EN-078,40.592,-67.235
EN-078,41.425,-71.395
EN-079,40.997,-71.415
EN-079,36.705,-73.816
EN-079,35.925,-73.180
EN-079,35.202,-72.475
EN-079,36.589,-73.746
EN-079,35.924,-73.174
EN-079,35.864,-73.021
EN-079,36.614,-72.882
EN-079,41.338,-71.407
EN-080,41.364,-70.874
EN-080,40.626,-68.579
EN-080,40.761,-67.839
EN-080,40.659,-67.713
EN-080,40.664,-67.771
EN-080,40.640,-67.804
EN-080,40.487,-67.539
EN-080,40.989,-66.940
EN-080,40.654,-67.761
EN-080,41.685,-69.105
EN-080,41.363,-70.875
EN-081,41.148,-71.413
EN-081,37.798,-73.172
EN-081,36.100,-73.345
EN-081,35.187,-72.458
EN-081,35.705,-73.409
EN-081,35.936,-73.137
EN-081,35.516,-72.869
EN-081,36.871,-73.870
EN-081,41.140,-71.438
EN-082,36.712,-71.465
EN-082,32.644,-71.214
EN-082,28.233,-71.183
EN-082,24.982,-71.255
EN-082,25.065,-71.315
EN-082,25.050,-71.156
EN-082,25.213,-71.148
EN-082,25.306,-71.296
EN-082,25.275,-71.473
EN-082,25.149,-71.646
EN-082,24.932,-71.731
EN-082,27.690,-71.598
EN-082,31.530,-71.410
EN-082,36.130,-71.153
EN-082,40.849,-71.354
EN-083,41.363,-70.877
EN-083,38.569,-67.161
EN-083,38.914,-68.680
EN-083,39.483,-71.020
EN-083,38.536,-70.320
EN-083,38.878,-71.302
EN-083,39.753,-71.357
EN-083,38.843,-71.407
EN-083,38.356,-71.886
EN-083,38.840,-71.798
EN-083,39.075,-70.999
EN-083,38.778,-71.762
EN-083,39.421,-71.736
EN-083,38.780,-71.807
EN-083,35.691,-72.093
EN-083,36.903,-72.491
EN-083,38.295,-72.778
EN-083,38.763,-72.000
EN-083,38.629,-71.594
EN-083,26.923,-69.992
EN-083,38.517,-70.000
EN-084,40.975,-71.600
EN-084,36.291,-71.986
EN-084,36.367,-71.717
EN-084,36.367,-71.483
EN-084,36.317,-71.500
EN-084,36.267,-71.750
EN-084,36.350,-71.583
EN-084,36.317,-71.567
EN-084,36.482,-71.527
EN-084,40.222,-71.472
EN-085,41.065,-71.482
EN-085,36.315,-71.528
EN-085,33.873,-72.107
EN-085,32.327,-71.804
EN-085,32.422,-70.669
EN-085,32.741,-70.794
EN-086,35.063,-72.187
EN-086,36.490,-72.358
EN-086,38.185,-72.760
EN-086,41.457,-70.737
EN-086,40.767,-71.577
EN-086,36.958,-70.608
EN-086,36.400,-71.725
EN-086,36.233,-73.133
EN-086,36.113,-73.695
EN-086,36.613,-73.880
EN-086,36.050,-73.213
EN-086,35.480,-72.672
EN-086,37.137,-72.312
EN-086,35.650,-72.912
EN-087,36.097,-73.347
EN-087,35.590,-73.170
EN-087,35.327,-71.812
EN-087,36.272,-71.253
EN-087,34.997,-70.308
EN-087,36.000,-70.667
EN-087,36.667,-70.933
EN-087,36.737,-70.902
EN-087,36.108,-70.712
EN-087,37.948,-70.998
EN-088,38.163,-72.779
EN-088,36.837,-74.087
EN-088,36.615,-73.779
EN-088,36.630,-73.776
EN-088,37.152,-74.192
EN-088,36.925,-73.902
EN-088,36.700,-73.645
EN-088,37.080,-73.397
EN-088,36.872,-73.507
EN-088,37.023,-73.773
EN-088,36.848,-74.280
EN-088,36.591,-73.909
EN-088,36.368,-74.646
EN-088,36.737,-74.369
EN-088,35.689,-73.602
EN-088,35.166,-71.633
EN-088,35.379,-70.997
EN-088,36.996,-70.974
EN-088,38.635,-70.999
EN-089,41.048,-71.394
EN-089,37.021,-73.679
EN-089,36.211,-73.461
EN-089,35.561,-72.858
EN-089,35.499,-74.496
EN-089,35.623,-74.202
EN-089,36.255,-73.566
EN-089,35.899,-73.201
EN-089,36.113,-73.417
EN-089,36.145,-73.698
EN-089,36.091,-74.049
EN-089,36.112,-73.543
EN-089,35.186,-72.449
EN-089,38.095,-71.992
EN-090,41.524,-70.671
EN-090,39.284,-68.985
EN-090,39.844,-65.558
EN-090,38.641,-65.241
EN-090,39.343,-64.007
EN-090,39.709,-64.007
EN-090,38.959,-64.368
EN-090,38.162,-61.998
EN-090,38.990,-61.186
EN-090,40.660,-61.527
EN-090,42.648,-61.949
EN-090,41.946,-62.902
EN-090,40.446,-62.290
EN-090,39.545,-65.074
EN-090,40.737,-64.839
EN-090,39.537,-65.416
EN-090,38.394,-66.027
EN-090,39.754,-66.237
EN-090,39.334,-66.820
EN-090,40.146,-65.743
EN-090,39.097,-69.017
EN-091,38.761,-67.766
EN-091,36.881,-64.839
EN-091,36.567,-64.292
EN-091,35.486,-62.844
EN-091,36.432,-65.296
EN-091,36.493,-68.028
EN-091,36.181,-69.595
EN-091,34.990,-66.199
EN-091,35.429,-65.347
EN-091,36.583,-67.783
EN-091,34.547,-68.307
EN-091,33.808,-66.248
EN-091,31.202,-66.203
EN-091,32.418,-69.003
EN-091,32.354,-69.003
EN-091,33.152,-70.413
EN-091,30.382,-70.363
EN-091,29.431,-67.938
EN-091,29.480,-67.998
EN-091,27.173,-67.245
EN-091,28.322,-69.858
EN-091,29.256,-71.586
EN-091,31.535,-70.068
EN-091,34.043,-69.141
EN-091,32.979,-66.566
EN-091,35.019,-66.476
EN-091,36.334,-68.286
EN-091,39.395,-69.972
EN-092,37.354,-73.643
EN-092,36.014,-73.283
EN-092,35.384,-72.641
EN-092,36.054,-73.571
EN-092,36.978,-74.190
EN-092,36.263,-73.466
EN-092,35.565,-72.857
EN-092,37.067,-70.900
EN-092,41.367,-71.380
EN-103,67.298,-20.972
EN-103,69.469,-11.078
EN-103,70.006,-8.043
EN-103,69.995,-17.514
EN-103,69.362,-11.899
EN-103,67.357,-12.861
EN-103,64.003,-12.950
EN-103,64.007,-12.926
EN-103,64.195,-12.743
EN-103,65.256,-11.271
EN-103,63.962,-15.307
EN-103,63.173,-20.743
EN-103,64.147,-21.922
EN-103,64.148,-21.952
EN-103,62.041,-27.541
EN-103,61.457,-28.630
EN-103,59.681,-31.670
EN-103,57.677,-34.394
EN-103,54.999,-37.538
EN-103,51.529,-41.086
EN-103,49.827,-42.730
EN-103,46.897,-46.391
EN-103,44.574,-49.903
EN-103,42.392,-54.044
EN-103,40.436,-57.827
EN-103,38.609,-61.062
EN-103,37.059,-65.047
EN-103,36.983,-64.982
EN-103,36.948,-65.112
EN-103,38.377,-67.923
EN-103,39.848,-70.981
EN-104,40.938,-71.372
EN-104,36.260,-70.439
EN-104,35.465,-70.012
EN-104,35.528,-70.090
EN-104,35.424,-70.052
EN-104,35.532,-70.012
EN-104,35.441,-69.927
EN-104,35.474,-70.113
EN-104,35.506,-70.070
EN-104,35.520,-70.035
EN-104,34.590,-70.392
EN-105,41.138,-71.407
EN-105,37.777,-71.646
EN-105,37.299,-72.193
EN-105,35.880,-73.308
EN-105,36.172,-71.406
EN-105,36.865,-72.426
EN-105,36.019,-72.636
EN-105,36.297,-72.890
EN-105,34.512,-71.731
EN-105,33.137,-70.713
EN-105,34.158,-71.476
EN-105,35.661,-70.498
EN-105,36.047,-71.245
EN-105,36.857,-71.719
EN-105,41.377,-71.419
EN-106,41.492,-71.417
EN-106,38.386,-73.241
EN-106,35.990,-72.422
EN-106,36.895,-71.293
EN-106,36.717,-70.195
EN-106,37.332,-71.215
EN-106,37.452,-71.728
EN-106,38.322,-73.628
EN-106,41.307,-71.438
EN-107,41.275,-71.427
EN-107,36.573,-73.482
EN-107,33.322,-74.312
EN-107,29.272,-75.602
EN-107,24.567,-74.792
EN-107,19.805,-74.067
EN-107,15.558,-76.592
EN-107,10.815,-79.188
EN-107,9.375,-79.903
EN-108,6.995,-78.672
EN-108,7.798,-79.019
EN-109,8.520,-79.568
EN-109,4.810,-82.818
EN-109,2.628,-85.060
EN-109,0.493,-85.000
EN-109,3.203,-85.002
EN-109,4.171,-85.009
EN-109,4.995,-82.559
EN-109,5.102,-81.350
EN-109,5.305,-81.486
EN-109,7.021,-80.304
EN-109,10.122,-79.115
EN-109,10.354,-79.657
EN-109,10.380,-79.575
EN-109,10.383,-79.667
EN-109,11.558,-77.661
EN-109,13.050,-79.085
EN-109,12.053,-77.148
EN-110,12.053,-77.148
EN-110,12.053,-77.147
EN-110,12.020,-77.225
EN-110,10.483,-81.118
EN-110,10.488,-85.008
EN-110,6.415,-85.007
EN-110,-2.686,-85.010
EN-110,-0.223,-86.590
EN-110,-0.750,-90.302
EN-110,-2.002,-92.004
EN-110,-0.142,-91.693
EN-110,2.043,-93.348
EN-110,-0.002,-95.000
EN-110,-3.253,-95.013
EN-110,-5.002,-93.092
EN-110,-5.008,-89.308
EN-110,-5.000,-85.132
EN-110,-5.013,-81.780
EN-110,-7.108,-80.717
EN-110,-10.168,-79.346
EN-110,-12.042,-77.142
EN-111,-12.043,-77.142
EN-111,-13.621,-76.707
EN-111,-13.920,-77.213
EN-111,-13.510,-76.522
EN-111,-11.388,-78.670
EN-111,-10.000,-80.108
EN-111,-9.518,-78.457
EN-111,-10.482,-78.287
EN-111,-10.423,-78.170
EN-111,-10.170,-78.183
EN-111,-10.477,-78.273
EN-111,-10.673,-78.637
EN-111,-10.870,-79.097
EN-112,-12.043,-77.142
EN-112,-15.687,-80.208
EN-112,-19.412,-83.260
EN-112,-23.247,-86.723
EN-112,-26.880,-90.238
EN-112,-30.492,-94.015
EN-112,-33.898,-98.115
EN-112,-36.025,-100.888
EN-112,-35.728,-102.440
EN-112,-35.918,-103.662
EN-112,-35.722,-104.870
EN-112,-35.620,-106.107
EN-112,-34.865,-108.048
EN-112,-34.185,-109.722
EN-112,-35.195,-111.157
EN-112,-34.082,-111.708
EN-112,-33.583,-112.198
EN-112,-33.065,-116.408
EN-112,-33.980,-111.372
EN-112,-34.720,-106.033
EN-112,-33.680,-109.238
EN-112,-33.332,-108.943
EN-112,-32.783,-108.310
EN-112,-32.295,-111.848
EN-112,-31.003,-111.597
EN-112,-27.133,-109.443
EN-113,-27.140,-109.438
EN-113,-27.227,-109.548
EN-113,-27.832,-112.815
EN-113,-28.058,-112.705
EN-113,-27.520,-112.805
EN-113,-27.202,-112.765
EN-113,-26.458,-112.583
EN-113,-25.600,-112.297
EN-113,-25.142,-112.230
EN-113,-24.802,-111.688
EN-113,-24.165,-112.073
EN-113,-23.542,-112.035
EN-113,-23.215,-111.857
EN-113,-26.287,-109.985
EN-113,-27.140,-109.442
EN-113,-27.140,-109.442
EN-113,-27.140,-109.437
EN-113,-27.137,-109.438
EN-113,-26.623,-114.180
EN-113,-26.443,-115.460
EN-113,-25.897,-115.857
EN-113,-25.625,-116.145
EN-113,-24.955,-116.183
EN-113,-24.475,-116.020
EN-113,-23.855,-115.317
EN-113,-23.252,-115.315
EN-113,-22.485,-114.628
EN-113,-23.105,-114.547
EN-113,-24.378,-111.918
EN-113,-24.875,-112.580
EN-113,-26.915,-112.697
EN-113,-27.645,-112.843
EN-113,-28.723,-112.735
EN-113,-28.930,-112.533
EN-113,-27.105,-109.433
EN-114,-25.378,-104.608
EN-114,-23.590,-100.085
EN-114,-21.653,-95.532
EN-114,-19.513,-91.000
EN-114,-17.388,-86.770
EN-114,-15.035,-82.390
EN-114,-12.553,-78.093
EN-115,-12.500,-78.097
EN-115,-10.500,-78.507
EN-115,-10.498,-80.000
EN-115,-10.510,-83.975
EN-115,-7.390,-85.000
EN-115,-4.000,-84.997
EN-115,-0.028,-85.002
EN-115,-0.767,-90.280
EN-115,-2.005,-92.000
EN-115,-0.263,-91.437
EN-115,1.720,-92.045
EN-115,1.317,-94.267
EN-115,-0.442,-90.300
EN-115,0.897,-94.507
EN-115,-1.820,-95.013
EN-115,-5.020,-94.530
EN-115,-5.007,-90.540
EN-115,-4.998,-86.863
EN-115,-4.998,-83.308
EN-115,-5.062,-81.110
EN-115,-8.483,-79.847
EN-115,-8.483,-79.847
EN-116,-10.233,-79.312
EN-116,-10.088,-79.042
EN-116,-10.008,-79.002
EN-116,-9.578,-80.758
EN-116,-6.952,-80.535
EN-116,-5.072,-81.502
EN-116,-4.952,-82.573
EN-116,-5.035,-82.045
EN-116,-4.147,-84.968
EN-116,-5.495,-82.998
EN-116,-6.750,-84.993
EN-116,-3.785,-85.002
EN-116,-0.918,-84.985
EN-116,2.495,-84.975
EN-116,5.167,-82.558
EN-116,8.412,-79.570
EN-117,11.472,-79.150
EN-117,15.532,-77.635
EN-117,18.070,-75.915
EN-117,21.580,-74.210
EN-117,26.352,-75.115
EN-117,31.053,-75.952
EN-118,34.143,-76.382
EN-118,33.305,-76.228
EN-118,34.510,-74.005
EN-118,36.548,-73.838
EN-118,36.900,-73.032
EN-118,36.983,-74.017
EN-118,36.085,-72.990
EN-118,36.703,-72.023
EN-118,37.442,-70.562
EN-118,35.422,-71.688
EN-118,35.982,-72.167
EN-118,37.458,-71.445
EN-118,37.833,-69.860
EN-118,36.640,-70.402
EN-118,37.332,-70.593
EN-118,36.633,-73.595
EN-118,37.487,-70.108
EN-119,40.868,-67.307
EN-119,40.662,-62.325
EN-119,40.675,-61.518
EN-119,39.503,-60.338
EN-119,38.450,-59.245
EN-119,36.273,-59.892
EN-119,36.883,-63.708
EN-119,39.290,-67.497
EN-120,39.447,-67.733
EN-120,38.248,-65.452
EN-120,37.607,-64.193
EN-120,35.902,-61.498
EN-120,34.515,-58.965
EN-120,33.612,-57.628
EN-120,33.598,-57.872
EN-120,32.227,-62.713
EN-120,32.233,-64.553
EN-121,32.382,-64.642
EN-121,32.720,-69.855
EN-121,32.853,-70.852
EN-121,33.692,-71.020
EN-121,34.567,-71.237
EN-121,32.793,-70.813
EN-121,32.823,-70.643
EN-121,33.540,-71.015
EN-121,35.800,-71.252
EN-121,34.665,-71.318
EN-121,32.753,-70.520
EN-121,32.523,-68.788
EN-121,31.678,-64.598
EN-121,26.843,-64.280
EN-121,23.238,-63.942
EN-121,23.258,-64.020
EN-121,23.607,-63.987
EN-121,22.993,-63.975
EN-121,23.210,-64.000
EN-121,21.995,-64.077
EN-121,23.220,-63.965
EN-121,26.095,-65.653
EN-121,29.847,-68.038
EN-121,33.608,-70.568
EN-121,37.183,-71.217
EN-121,41.360,-71.417
EN-122,41.393,-70.898
EN-122,38.587,-72.382
EN-122,36.406,-73.569
EN-122,35.928,-73.142
EN-122,36.258,-73.485
EN-122,35.895,-73.142
EN-122,38.745,-72.540
EN-123,39.805,-70.918
EN-123,39.260,-70.908
EN-123,39.312,-70.930
EN-123,40.515,-70.915
EN-123,39.560,-70.942
EN-123,40.133,-70.917
EN-123,39.813,-71.183
EN-124,40.968,-71.527
EN-124,38.035,-72.602
EN-124,36.157,-72.213
EN-124,36.268,-73.133
EN-124,35.783,-73.552
EN-124,35.527,-73.128
EN-124,35.693,-72.723
EN-124,36.040,-72.948
EN-124,38.595,-71.075
EN-125,41.440,-70.775
EN-125,38.168,-73.302
EN-125,35.990,-75.167
EN-125,32.900,-72.492
EN-125,30.830,-67.785
EN-125,29.282,-63.863
EN-125,25.500,-65.035
EN-125,21.503,-66.102
EN-125,19.073,-66.685
EN-125,18.463,-66.105
EN-126,18.482,-65.797
EN-126,15.693,-62.445
EN-126,13.120,-58.973
EN-126,10.978,-55.520
EN-126,8.660,-51.607
EN-126,6.033,-48.445
EN-126,3.267,-45.387
EN-126,1.225,-41.837
EN-126,-1.310,-39.057
EN-126,-2.107,-35.490
EN-126,-5.790,-33.290
EN-127,-7.655,-34.462
EN-127,-4.088,-31.513
EN-127,-0.428,-28.543
EN-127,0.913,-29.350
EN-127,2.655,-33.652
EN-127,4.393,-37.990
EN-127,6.183,-42.417
EN-127,7.922,-46.480
EN-127,9.547,-50.657
EN-127,11.448,-55.315
EN-127,13.100,-59.633
EN-128,13.828,-57.695
EN-128,13.545,-57.292
EN-128,11.225,-58.002
EN-128,13.745,-56.547
EN-128,12.660,-56.603
EN-128,11.120,-56.893
EN-128,13.708,-55.428
EN-128,12.450,-56.172
EN-128,10.232,-56.323
EN-128,12.663,-54.863
EN-128,11.725,-54.825
EN-128,9.752,-55.385
EN-128,11.907,-54.137
EN-128,13.443,-55.927
EN-128,14.478,-57.310
EN-128,12.168,-58.617
EN-128,12.242,-58.672
EN-129,14.200,-61.853
EN-129,16.552,-65.013
EN-129,17.580,-65.093
EN-129,18.833,-64.500
EN-129,19.758,-64.482
EN-129,21.543,-64.440
EN-129,23.583,-64.483
EN-129,25.800,-64.483
EN-129,27.970,-64.498
EN-129,29.652,-64.487
EN-129,31.523,-64.502
EN-129,33.318,-63.813
EN-129,34.983,-62.985
EN-129,36.850,-63.033
EN-129,38.308,-63.002
EN-129,39.003,-63.007
EN-129,39.838,-62.980
EN-129,41.130,-63.662
EN-129,42.658,-63.898
EN-129,40.812,-68.327
EN-129,41.403,-70.852
EN-130,40.968,-71.562
EN-130,36.547,-73.440
EN-130,37.020,-72.250
EN-130,36.875,-69.748
EN-130,37.330,-71.803
EN-130,36.425,-73.322
EN-130,32.960,-75.072
EN-130,33.665,-75.243
EN-130,36.872,-71.405
EN-130,38.142,-70.297
EN-130,36.953,-70.025
EN-130,37.828,-69.777
EN-130,37.045,-70.103
EN-130,38.232,-69.647
EN-132,42.548,-66.440
EN-132,42.737,-63.168
EN-132,43.013,-58.788
EN-132,44.258,-52.622
EN-132,44.836,-48.875
EN-132,46.407,-44.062
EN-132,48.015,-39.042
EN-132,50.050,-34.613
EN-132,51.835,-30.848
EN-132,53.413,-28.115
EN-132,56.928,-29.680
EN-132,58.872,-31.020
EN-132,61.118,-31.853
EN-132,63.443,-28.457
EN-133,64.228,-22.053
EN-133,64.515,-29.147
EN-133,65.562,-30.073
EN-133,65.736,-28.169
EN-133,67.270,-25.260
EN-133,67.163,-24.760
EN-133,67.687,-25.248
EN-133,66.978,-26.683
EN-133,65.123,-30.557
EN-133,64.792,-34.748
EN-133,63.612,-37.143
EN-133,62.973,-40.912
EN-133,61.298,-41.937
EN-133,60.155,-42.730
EN-133,59.870,-47.173
EN-133,59.208,-53.298
EN-133,57.758,-58.333
EN-133,55.408,-56.687
EN-133,52.085,-52.835
EN-133,48.990,-49.663
EN-133,50.470,-52.223
EN-133,49.023,-48.403
EN-133,48.460,-45.042
EN-133,46.467,-43.947
EN-133,45.175,-47.517
EN-133,42.750,-49.058
EN-133,41.953,-51.530
EN-133,41.022,-52.892
EN-133,40.575,-54.913
EN-133,39.942,-57.062
EN-133,39.635,-59.373
EN-133,40.158,-63.270
EN-133,40.045,-66.460
EN-133,40.043,-67.793
EN-134,38.980,-71.377
EN-134,36.398,-71.107
EN-134,34.555,-71.250
EN-134,35.055,-70.690
EN-134,32.610,-65.982
EN-134,31.852,-64.245
EN-134,32.130,-64.408
EN-135,31.708,-63.993
EN-135,27.447,-60.242
EN-135,23.165,-56.815
EN-135,18.707,-53.453
EN-135,14.108,-50.262
EN-135,9.473,-47.163
EN-135,5.205,-44.278
EN-135,0.690,-41.478
EN-135,-3.712,-38.478
EN-136,-3.547,-38.180
EN-136,-2.132,-34.133
EN-136,-0.903,-30.525
EN-136,0.062,-28.168
EN-136,0.918,-29.350
EN-136,0.005,-28.973
EN-136,0.010,-31.667
EN-136,0.005,-35.795
EN-136,-0.007,-38.322
EN-136,3.193,-38.553
EN-136,4.608,-38.190
EN-136,9.022,-38.202
EN-136,10.112,-38.525
EN-136,11.788,-43.323
EN-136,13.397,-48.133
EN-136,14.883,-55.177
EN-136,16.188,-58.160
EN-136,17.483,-62.817
EN-137,22.438,-64.205
EN-137,22.765,-64.087
EN-137,23.250,-63.920
EN-137,23.335,-63.903
EN-137,23.544,-64.347
EN-137,19.058,-65.898
EN-137,22.692,-64.267
EN-137,23.233,-64.017
EN-137,23.383,-64.133
EN-137,23.380,-64.122
EN-137,23.338,-64.103
EN-137,23.223,-64.135
EN-137,22.420,-64.458
EN-138,19.067,-66.233
EN-138,24.000,-67.233
EN-138,29.070,-68.377
EN-138,34.408,-69.553
EN-138,37.167,-70.650
EN-138,37.697,-70.917
EN-138,40.667,-71.323
EN-139,41.427,-71.408
EN-139,37.837,-74.960
EN-140,34.178,-77.243
EN-140,32.732,-79.543
EN-140,32.477,-78.927
EN-140,32.575,-79.162
EN-140,33.135,-78.383
EN-140,32.560,-79.142
EN-140,32.522,-79.375
EN-140,32.680,-79.700
EN-140,32.883,-79.205
EN-140,33.302,-78.290
EN-140,32.350,-78.877
EN-140,32.627,-79.223
EN-140,33.120,-78.363
EN-140,32.512,-79.080
EN-140,32.135,-78.597
EN-140,32.680,-79.722
EN-140,32.720,-79.345
EN-140,32.136,-78.595
EN-140,32.122,-78.635
EN-140,32.330,-79.448
EN-140,32.332,-78.725
EN-140,30.782,-79.923
EN-140,32.462,-78.225
EN-140,32.708,-79.780
EN-140,34.483,-76.132
EN-141,35.452,-72.233
EN-141,33.730,-68.240
EN-141,32.257,-64.622
EN-141,30.633,-67.053
EN-141,27.492,-70.032
EN-141,28.333,-70.800
EN-141,28.158,-70.420
EN-141,28.103,-70.548
EN-141,28.087,-70.502
EN-141,28.510,-70.505
EN-141,28.638,-70.325
EN-141,28.867,-69.973
EN-141,28.158,-69.485
EN-141,28.348,-69.430
EN-141,28.142,-69.635
EN-141,27.957,-69.810
EN-141,28.480,-69.743
EN-141,27.883,-69.383
EN-141,27.085,-69.712
EN-141,28.313,-68.582
EN-141,28.432,-68.372
EN-141,28.200,-68.960
EN-141,28.987,-68.482
EN-141,28.537,-68.130
EN-141,28.745,-67.862
EN-141,28.778,-67.572
EN-141,29.815,-68.018
EN-141,33.667,-69.033
EN-141,37.788,-70.033
EN-141,41.538,-70.657
EN-141,41.400,-70.950
EN-142,41.350,-65.290
EN-142,41.788,-59.237
EN-142,41.882,-52.982
EN-142,41.742,-47.127
EN-142,41.167,-41.078
EN-142,40.355,-35.082
EN-142,38.993,-29.442
EN-143,34.122,-27.865
EN-143,30.848,-29.878
EN-143,33.740,-31.130
EN-143,32.162,-31.927
EN-143,31.148,-29.778
EN-143,31.988,-30.195
EN-143,32.105,-30.647
EN-143,31.473,-30.130
EN-143,31.218,-32.422
EN-143,29.538,-32.467
EN-143,29.225,-31.867
EN-143,28.940,-31.873
EN-143,29.135,-30.525
EN-143,30.647,-29.392
EN-143,30.902,-29.187
EN-143,32.465,-28.470
EN-143,34.090,-27.598
EN-143,37.732,-25.665
EN-144,37.452,-26.038
EN-144,34.182,-30.465
EN-144,35.988,-31.742
EN-144,34.010,-31.577
EN-144,38.757,-31.170
EN-144,40.595,-34.272
EN-144,38.788,-39.912
EN-144,38.587,-43.385
EN-144,42.083,-43.135
EN-144,42.565,-39.983
EN-144,46.052,-40.012
EN-144,46.478,-34.178
EN-144,48.925,-37.860
EN-144,49.458,-39.945
EN-144,48.187,-41.375
EN-144,46.563,-43.122
EN-144,45.130,-46.770
EN-144,43.195,-52.850
EN-144,42.787,-57.653
EN-144,42.335,-63.503
EN-144,41.518,-69.385
EN-145,41.130,-71.088
EN-145,37.278,-67.028
EN-145,37.285,-66.975
EN-145,37.267,-66.995
EN-145,37.262,-66.998
EN-145,38.902,-68.650
EN-145,41.070,-71.163
EN-145,36.920,-68.152
EN-145,34.397,-64.698
EN-145,32.700,-63.008
EN-145,32.737,-63.118
EN-145,32.722,-63.173
EN-145,32.713,-63.037
EN-145,32.710,-63.020
EN-145,32.757,-63.172
EN-145,32.883,-63.512
EN-145,32.675,-62.997
EN-145,32.683,-62.902
EN-145,32.555,-63.898
EN-146,33.702,-65.335
EN-146,33.742,-65.327
EN-146,33.685,-65.365
EN-146,33.702,-65.330
EN-146,33.702,-65.330
EN-146,33.652,-65.370
EN-146,33.700,-65.362
EN-146,34.138,-65.735
EN-146,38.105,-68.362
EN-147,40.987,-71.582
EN-147,36.752,-73.738
EN-147,36.862,-72.922
EN-147,37.023,-72.582
EN-147,37.371,-71.997
EN-147,37.675,-71.399
EN-148,41.102,-71.295
EN-148,41.468,-70.715
EN-148,39.028,-67.203
EN-148,37.883,-64.968
EN-148,34.402,-64.482
EN-148,31.770,-64.135
EN-148,31.985,-64.185
EN-149,32.468,-64.268
EN-149,33.583,-59.023
EN-149,34.448,-53.370
EN-149,34.928,-47.852
EN-149,35.338,-42.082
EN-149,35.493,-37.205
EN-149,35.477,-32.820
EN-149,34.920,-27.745
EN-149,34.530,-22.590
EN-149,32.058,-24.083
EN-149,31.043,-27.465
EN-149,30.927,-28.565
EN-149,31.552,-29.528
EN-149,29.237,-28.185
EN-149,27.355,-26.903
EN-149,24.608,-23.912
EN-149,21.860,-22.788
EN-149,22.118,-22.255
EN-149,22.248,-22.077
EN-149,26.205,-20.135
EN-149,29.140,-18.762
EN-150,32.608,-17.345
EN-150,31.120,-21.135
EN-150,31.278,-26.837
EN-150,31.455,-32.795
EN-150,31.652,-38.548
EN-150,31.808,-43.980
EN-150,31.910,-49.492
EN-150,32.078,-54.895
EN-150,32.268,-60.357
EN-151,32.498,-62.600
EN-151,28.372,-64.377
EN-151,24.937,-64.172
EN-151,23.227,-64.110
EN-151,23.825,-66.155
EN-151,25.148,-70.557
EN-151,22.918,-74.420
EN-151,22.516,-74.809
EN-151,23.550,-74.844
EN-151,24.607,-76.063
EN-151,26.558,-76.893
EN-151,28.725,-79.712
EN-151,32.314,-78.247
EN-151,35.478,-74.968
EN-151,38.513,-73.003
EN-152,41.392,-71.417
EN-152,38.895,-72.013
EN-152,37.338,-72.508
EN-152,35.469,-73.986
EN-152,35.597,-74.486
EN-152,35.825,-74.503
EN-152,35.449,-73.950
EN-152,35.533,-73.420
EN-152,35.569,-74.152
EN-152,35.309,-73.804
EN-152,35.751,-74.443
EN-152,37.753,-73.020
EN-172,41.102,-71.495
EN-172,37.540,-74.445
EN-172,37.865,-74.727
EN-172,37.683,-74.315
EN-172,36.862,-74.575
EN-172,36.920,-76.185
EN-172 LEG2,37.645,-74.275
EN-172 LEG2,37.585,-74.183
EN-172 LEG2,34.875,-74.668
EN-172 LEG2,36.860,-74.625
EN-172 LEG2,37.035,-74.572
EN-172 LEG3,37.625,-74.275
EN-172 LEG3,37.760,-74.483
EN-172 LEG3,37.770,-74.463
EN-172 LEG3,39.220,-71.592
EN-172 LEG3,40.922,-71.285
EN-173,40.755,-71.557
EN-173,38.985,-72.032
EN-173,38.833,-72.065
EN-173,38.922,-72.070
EN-174,41.413,-71.043
EN-174,42.698,-69.420
EN-174,42.093,-69.785
EN-174,41.553,-68.460
EN-174,41.437,-69.372
EN-175,41.257,-71.080
EN-175,39.345,-68.375
EN-175,38.023,-68.265
EN-175,37.018,-68.315
EN-175,37.520,-66.652
EN-175,39.712,-62.355
EN-175,37.233,-58.592
EN-175,37.963,-54.660
EN-175,39.303,-54.675
EN-175,40.345,-55.333
EN-175,41.103,-55.523
EN-175,39.890,-55.705
EN-175,40.517,-60.257
EN-175,40.717,-66.447
EN-176,41.092,-70.683
EN-176,41.515,-69.652
EN-176,41.757,-69.657
EN-176,41.262,-68.572
EN-176,41.722,-68.475
EN-176,42.023,-70.072
EN-176,42.025,-69.818
EN-176,42.042,-69.820
EN-176,42.087,-69.568
EN-176,41.750,-69.558
EN-176,41.607,-69.482
EN-176,41.667,-69.513
EN-176,41.710,-69.507
EN-176,41.807,-69.240
EN-176,41.675,-69.367
EN-176,41.347,-69.120
EN-176,41.682,-69.467
EN-176,41.487,-69.073
EN-176,41.470,-69.123
EN-176,41.467,-69.087
EN-177,41.058,-71.062
EN-177,38.078,-68.017
EN-177,34.642,-64.583
EN-177,30.492,-64.323
EN-177,29.010,-64.338
EN-177,28.998,-64.332
EN-177,29.007,-64.347
EN-177,28.998,-64.342
EN-177,28.998,-64.338
EN-177,28.998,-64.335
EN-177,31.118,-65.537
EN-177,34.940,-68.018
EN-177,38.888,-70.392
EN-178,41.000,-71.612
EN-178,37.578,-74.172
EN-178,36.881,-74.653
EN-178,37.877,-74.732
EN-178,37.410,-74.494
EN-178,37.878,-74.733
EN-178,37.768,-74.492
EN-179,37.140,-75.615
EN-179,37.668,-74.271
EN-179,37.632,-74.209
EN-179,37.623,-74.148
EN-179,37.618,-74.151
EN-179,37.425,-73.818
EN-180,36.928,-75.306
EN-180,37.069,-73.572
EN-180,37.877,-74.732
EN-180,37.660,-74.264
EN-180,37.563,-74.413
EN-180,37.960,-74.884
EN-180,37.400,-73.833
EN-180,40.150,-71.067
EN-181,42.042,-65.270
EN-181,42.310,-58.785
EN-181,42.750,-52.150
EN-181,44.222,-46.570
EN-181,47.332,-42.718
EN-181,51.852,-39.070
EN-181,56.063,-34.913
EN-181,59.150,-32.628
EN-181,62.410,-26.798
EN-182,66.250,-23.167
EN-182,66.322,-19.218
EN-182,67.577,-19.297
EN-182,68.878,-20.513
EN-182,69.021,-19.858
EN-182,69.900,-15.555
EN-182,70.804,-8.821
EN-182,72.215,-10.955
EN-182,73.114,-8.843
EN-182,75.054,-6.739
EN-182,76.238,-8.697
EN-182,76.837,-3.856
EN-182,78.300,4.950
EN-182,80.178,10.222
EN-182,78.242,15.097
EN-182,78.253,15.137
EN-182,80.663,14.382
EN-182,77.692,13.065
EN-182,75.742,17.247
EN-182,76.333,28.803
EN-182,77.929,29.236
EN-182,77.814,29.185
EN-182,78.371,27.805
EN-182,77.250,26.583
EN-182,76.190,29.540
EN-182,74.695,20.287
EN-182,72.717,19.533
EN-182,70.417,20.667
EN-183,69.852,19.682
EN-183,74.252,16.057
EN-183,76.967,11.685
EN-183,79.332,8.610
EN-183,77.632,3.207
EN-183,73.180,-4.727
EN-183,69.607,-14.212
EN-183,68.115,-20.187
EN-183,66.757,-23.125
EN-184,64.198,-22.058
EN-184,61.093,-28.948
EN-184,57.362,-34.012
EN-184,53.698,-40.205
EN-184,50.262,-44.703
EN-184,46.438,-48.168
EN-184,45.033,-54.328
EN-184,43.712,-59.888
EN-184,42.363,-66.495
EN-185,38.108,-69.227
EN-185,38.335,-65.997
EN-185,38.898,-67.293
EN-185,38.080,-72.200
EN-185,38.273,-70.946
EN-185,37.485,-71.113
EN-185,37.343,-72.242
EN-185,37.459,-70.084
EN-185,38.448,-70.663
EN-185,37.827,-69.925
EN-185,38.155,-71.377
EN-185,38.422,-70.623
EN-185,37.640,-70.092
EN-185,38.158,-70.663
EN-185,38.267,-69.213
EN-185,37.847,-70.462
EN-185,39.000,-70.328
EN-185,38.713,-68.983
EN-185,38.175,-68.983
EN-185,38.302,-69.838
EN-185,40.873,-71.227
EN-185,38.155,-68.840
EN-185,37.332,-69.435
EN-185,38.167,-67.885
EN-185,38.490,-69.197
EN-186,40.995,-71.590
EN-186,37.613,-74.340
EN-186,36.868,-74.575
EN-186,37.722,-74.387
EN-186,37.632,-74.273
EN-186,37.708,-74.348
EN-187,37.035,-75.672
EN-187,37.763,-74.497
EN-187,37.622,-74.238
EN-187,37.623,-74.160
EN-187,36.860,-74.575
EN-187,37.805,-74.075
EN-188,37.625,-74.125
EN-188,37.697,-74.335
EN-188,36.983,-74.615
EN-188,37.822,-74.587
EN-188,37.975,-76.110
EN-188,37.653,-74.310
EN-188,36.940,-75.958
EN-188,37.535,-74.453
EN-188,37.550,-74.040
EN-188,39.108,-72.222
EN-188,41.408,-71.380
EN-207,43.960,-68.732
EN-207,44.234,-67.774
EN-207,44.393,-66.645
EN-207,43.507,-66.769
EN-207,43.515,-71.090
EN-208,37.933,-70.993
EN-208,34.983,-70.983
EN-208,35.230,-69.343
EN-208,35.338,-69.587
EN-208,36.492,-70.483
EN-208,38.290,-70.395
EN-208,40.997,-71.403
EN-209,40.917,-71.483
EN-209,36.400,-74.200
EN-209,32.472,-75.560
EN-209,29.037,-78.247
EN-209,25.767,-80.167
EN-210,25.772,-80.168
EN-210,25.772,-80.165
EN-210,27.883,-78.233
EN-210,29.532,-73.008
EN-210,30.810,-68.435
EN-210,31.630,-64.645
EN-210,31.655,-64.137
EN-210,31.508,-64.187
EN-210,31.550,-64.253
EN-210,31.597,-64.282
EN-210,31.573,-64.210
EN-210,31.130,-64.262
EN-210,31.650,-64.182
EN-210,31.475,-64.238
EN-210,31.448,-64.278
EN-210,31.357,-64.287
EN-210,31.955,-64.418
EN-210,31.370,-64.218
EN-210,32.008,-64.342
EN-210,31.622,-64.215
EN-210,31.740,-64.178
EN-210,31.440,-64.147
EN-210,31.835,-64.437
EN-210,32.003,-64.662
EN-210,32.635,-63.530
EN-210,32.620,-63.252
EN-210,32.393,-64.690
EN-210,32.357,-64.597
EN-210,27.215,-65.223
EN-210,21.998,-65.722
EN-210,18.460,-66.098
EN-211,18.460,-66.098
EN-211,18.400,-65.352
EN-211,15.100,-61.933
EN-211,13.080,-59.645
EN-211,13.140,-59.705
EN-211,13.358,-59.624
EN-211,13.358,-59.769
EN-211,12.978,-59.932
EN-211,12.810,-59.852
EN-211,13.105,-59.637
EN-211,13.095,-59.643
EN-211,13.171,-60.151
EN-211,13.588,-60.053
EN-211,13.492,-60.384
EN-211,13.302,-59.310
EN-211,13.068,-59.400
EN-211,12.853,-59.495
EN-211,13.107,-59.630
EN-211,13.043,-59.802
EN-211,13.340,-59.650
EN-211,13.477,-59.790
EN-211,13.163,-59.847
EN-211,13.040,-59.587
EN-211,12.998,-59.548
EN-211,13.105,-59.628
EN-212,13.098,-59.637
EN-212,13.115,-59.630
EN-212,16.503,-63.137
EN-212,19.640,-66.995
EN-212,22.483,-71.435
EN-212,25.305,-75.913
EN-212,26.097,-80.118
EN-213,26.080,-80.117
EN-213,26.078,-80.115
EN-213,26.078,-80.115
EN-213,26.424,-79.162
EN-213,26.830,-79.408
EN-213,27.013,-79.501
EN-213,27.015,-79.513
EN-213,27.004,-79.175
EN-213,26.772,-80.038
EN-213,27.023,-79.751
EN-213,27.006,-79.645
EN-213,27.026,-79.919
EN-213,27.013,-79.817
EN-213,27.009,-79.771
EN-213,26.956,-79.118
EN-213,27.017,-79.338
EN-213,27.027,-79.319
EN-213,27.006,-79.573
EN-213,27.024,-79.576
EN-213,26.082,-80.127
EN-213,26.083,-80.100
EN-214,28.507,-75.648
EN-214,31.923,-73.902
EN-214,32.157,-74.532
EN-214,32.308,-75.952
EN-214,33.013,-76.773
EN-214,33.698,-74.837
EN-214,33.540,-73.388
EN-214,35.220,-73.892
EN-223,41.492,-71.418
EN-223,41.107,-67.130
EN-223,40.592,-63.198
EN-223,40.852,-58.690
EN-223,41.862,-55.288
EN-223,42.315,-55.032
EN-223,42.807,-55.037
EN-223,43.908,-54.647
EN-223,44.310,-53.122
EN-223,44.225,-47.642
EN-223,43.932,-42.205
EN-223,44.220,-43.687
EN-223,44.598,-45.775
EN-223,45.373,-47.218
EN-223,46.178,-49.228
EN-223,47.276,-51.737
EN-223 (leg 2),47.565,-52.715
EN-223 (leg 2),47.565,-52.715
EN-223 (leg 2),46.997,-50.130
EN-223 (leg 2),47.337,-45.398
EN-223 (leg 2),49.125,-43.992
EN-223 (leg 2),49.722,-43.228
EN-223 (leg 2),50.070,-42.947
EN-223 (leg 2),50.592,-42.383
EN-223 (leg 2),50.487,-42.273
EN-223 (leg 2),48.752,-44.190
EN-223 (leg 2),48.598,-44.278
EN-223 (leg 2),51.978,-45.507
EN-223 (leg 2),55.197,-47.117
EN-223 (leg 2),58.315,-42.613
EN-223 (leg 2),58.945,-40.412
EN-223 (leg 2),61.927,-31.865
EN-223 (leg 2),64.020,-23.273
EN-224 (Leg 1),64.148,-21.938
EN-224 (Leg 1),64.148,-21.938
EN-224 (Leg 1),64.148,-21.938
EN-224 (Leg 1),64.148,-21.938
EN-224 (Leg 1),61.748,-25.312
EN-224 (Leg 1),59.498,-21.015
EN-224 (Leg 1),60.170,-22.015
EN-224 (Leg 1),64.148,-21.938
EN-224 (Leg 2),64.148,-21.938
EN-224 (Leg 2),64.148,-21.938
EN-224 (Leg 2),64.148,-21.938
EN-224 (Leg 2),61.330,-21.675
EN-224 (Leg 2),59.522,-20.647
EN-224 (Leg 2),59.955,-20.297
EN-224 (Leg 2),59.088,-21.848
EN-224 (Leg 2),60.115,-20.580
EN-224 (Leg 2),59.595,-21.068
EN-224 (Leg 2),61.388,-21.738
EN-224 (Leg 2),64.148,-21.937
EN-224 (Leg 3),64.148,-21.937
EN-224 (Leg 3),64.148,-21.937
EN-224 (Leg 3),61.492,-21.717
EN-224 (Leg 3),59.517,-21.015
EN-224 (Leg 3),59.662,-21.058
EN-224 (Leg 3),59.598,-21.150
EN-224 (Leg 3),59.463,-21.445
EN-224 (Leg 3),59.557,-21.383
EN-224 (Leg 3),59.708,-21.488
EN-224 (Leg 3),59.498,-21.363
EN-224 (Leg 3),59.850,-21.535
EN-224 (Leg 3),59.837,-20.950
EN-224 (Leg 3),58.298,-25.628
EN-224 (Leg 3),56.176,-32.736
EN-224 (Leg 3),53.480,-39.479
EN-224 (Leg 3),50.400,-44.901
EN-224 (Leg 3),46.461,-48.020
EN-224 (Leg 3),44.687,-53.153
EN-224 (Leg 3),43.727,-58.131
EN-224 (Leg 3),42.957,-65.081
EN-224 (Leg 3),41.738,-70.622
EN-225 (Leg 1),41.492,-71.418
EN-225 (Leg 1),41.492,-71.418
EN-225 (Leg 1),38.828,-69.685
EN-225 (Leg 1),34.878,-66.968
EN-225 (Leg 1),31.915,-65.170
EN-225 (Leg 1),30.078,-66.648
EN-225 (Leg 1),27.335,-68.725
EN-225 (Leg 1),27.388,-68.750
EN-225 (Leg 1),28.210,-69.532
EN-225 (Leg 1),28.992,-68.543
EN-225 (Leg 1),29.510,-66.627
EN-225 (Leg 1),29.385,-64.880
EN-225 (Leg 1),28.805,-63.510
EN-225 (Leg 1),27.642,-62.197
EN-225 (Leg 1),26.107,-61.440
EN-225 (Leg 1),24.657,-61.337
EN-225 (Leg 1),23.022,-61.872
EN-225 (Leg 1),21.665,-62.955
EN-225 (Leg 1),20.968,-64.233
EN-225 (Leg 1),20.513,-65.988
EN-225 (Leg 1),18.460,-66.092
EN-225 (Leg 1),18.460,-66.092
EN-225 (Leg 1),18.460,-66.092
EN-225 II (leg 2),18.460,-66.092
EN-225 II (leg 2),20.560,-66.815
EN-225 II (leg 2),20.920,-68.290
EN-225 II (leg 2),21.790,-69.725
EN-225 II (leg 2),23.377,-70.828
EN-225 II (leg 2),24.982,-71.242
EN-225 II (leg 2),26.657,-70.865
EN-225 II (leg 2),28.065,-69.915
EN-225 II (leg 2),29.025,-68.470
EN-225 II (leg 2),29.467,-66.548
EN-225 II (leg 2),30.067,-64.653
EN-225 II (leg 2),28.387,-62.888
EN-225 II (leg 2),27.033,-61.770
EN-225 II (leg 2),25.673,-61.358
EN-225 II (leg 2),24.203,-61.453
EN-225 II (leg 2),22.642,-62.072
EN-225 II (leg 2),21.325,-63.422
EN-225 II (leg 2),20.585,-65.277
EN-225 II (leg 2),20.617,-67.367
EN-225 II (leg 2),21.493,-69.315
EN-225 II (leg 2),22.982,-70.648
EN-225 II (leg 2),24.780,-71.207
EN-225 II (leg 2),26.675,-70.882
EN-225 II (leg 2),28.317,-69.638
EN-225 II (leg 2),29.253,-67.923
EN-225 II (leg 2),29.525,-65.895
EN-225 II (leg 2),32.622,-67.087
EN-225 II (leg 2),36.742,-69.047
EN-225 II (leg 2),40.818,-71.197
EN-225 II (leg 2),41.492,-71.418
EN-225 II (leg 2),41.492,-71.418
EN-226,41.492,-71.418
EN-226,41.492,-71.418
EN-226,41.462,-70.960
EN-226,42.498,-68.445
EN-226,42.390,-67.740
EN-226,42.377,-67.690
EN-226,42.498,-67.407
EN-226,43.193,-68.240
EN-226,43.377,-69.453
EN-226,42.842,-69.888
EN-226,42.237,-69.497
EN-226,42.007,-70.415
EN-226,41.492,-71.418
EN-227 (Leg 1),41.492,-71.418
EN-227 (Leg 1),41.418,-71.313
EN-227 (Leg 1),42.672,-65.188
EN-227 (Leg 1),43.717,-58.533
EN-227 (Leg 1),44.678,-52.008
EN-227 (Leg 1),45.042,-44.992
EN-227 (Leg 1),47.892,-41.815
EN-227 (Leg 1),51.408,-37.290
EN-227 (Leg 1),54.628,-32.168
EN-227 (Leg 1),57.932,-25.380
EN-227 (Leg 1),59.653,-21.283
EN-227 (Leg 1),59.932,-21.062
EN-227 (Leg 1),59.922,-20.502
EN-227 (Leg 1),59.777,-20.170
EN-227 (Leg 1),59.625,-20.608
EN-227 (Leg 1),59.528,-21.257
EN-227 (Leg 1),59.615,-21.570
EN-227 (Leg 1),59.863,-21.678
EN-227 (Leg 1),59.927,-21.138
EN-227 (Leg 1),61.160,-21.618
EN-227 (Leg 1),64.155,-21.940
EN-227 (Leg 2),64.155,-21.940
EN-227 (Leg 2),64.143,-22.482
EN-227 (Leg 2),59.567,-20.945
EN-227 (Leg 2),62.297,-22.117
EN-227 (Leg 2),63.658,-22.878
EN-227 (Leg 2),59.098,-25.625
EN-228,54.370,-27.662
EN-228,49.967,-29.123
EN-228,46.515,-30.063
EN-228,43.292,-30.843
EN-228,38.587,-31.698
EN-228,33.615,-32.460
EN-228,33.565,-35.470
EN-228,35.565,-40.987
EN-228,37.378,-46.785
EN-228,38.880,-52.578
EN-228,40.082,-58.565
EN-228,40.890,-64.352
EN-228,41.438,-70.082
EN-229,41.480,-70.698
EN-230,41.587,-71.410
EN-229 (Leg 1),41.587,-71.412
EN-229 (Leg 1),38.702,-71.142
EN-229 (Leg 1),36.195,-74.070
EN-229 (Leg 1),32.187,-77.810
EN-229 (Leg 1),29.435,-80.482
EN-229 (Leg 1),26.103,-80.128
EN-229 (Leg 1),26.103,-80.128
EN-230,26.103,-80.128
EN-230,26.103,-80.128
EN-230,25.920,-77.008
EN-230,26.507,-76.453
EN-230,26.632,-76.327
EN-230,26.578,-76.403
EN-230,26.552,-76.193
EN-230,26.547,-76.227
EN-230,26.665,-76.133
EN-230,26.513,-76.152
EN-230,26.415,-76.915
EN-230,26.085,-80.117
EN-231,26.085,-80.117
EN-231,26.468,-79.792
EN-231,31.348,-79.082
EN-231,34.897,-74.917
EN-231,39.087,-72.685
EN-231,41.528,-71.315
EN-232,41.505,-71.348
EN-232,38.795,-70.128
EN-232,36.358,-67.965
EN-232,32.557,-67.393
EN-232,31.585,-67.982
EN-232,27.258,-67.980
EN-232,26.895,-67.875
EN-232,26.788,-67.662
EN-232,26.679,-67.530
EN-232,26.644,-67.428
EN-232,26.592,-67.428
EN-232,26.130,-67.478
EN-232,25.895,-67.482
EN-232,26.230,-67.627
EN-232,27.670,-67.825
EN-232,31.647,-68.595
EN-232,34.465,-68.430
EN-232,34.298,-68.328
EN-232,34.830,-68.215
EN-232,37.895,-69.430
EN-232,40.223,-70.488
EN-232,41.523,-70.672
EN-233,41.213,-71.413
EN-233,37.589,-69.407
EN-233,34.005,-67.122
EN-233,29.563,-65.235
EN-233,27.705,-64.512
EN-233,24.368,-62.908
EN-233,24.888,-63.902
EN-233,25.885,-65.763
EN-233,26.992,-67.978
EN-233,27.277,-68.690
EN-233,26.330,-68.175
EN-233,24.540,-67.195
EN-233,22.580,-66.162
EN-233,21.838,-65.842
EN-233,18.462,-66.098
EN-233,18.462,-66.098
EN-233,21.850,-68.212
EN-233,23.697,-69.367
EN-233,24.960,-66.348
EN-233,26.557,-65.270
EN-233,29.853,-64.862
EN-233,32.378,-64.680
EN-233,32.378,-64.682
EN-233,32.190,-64.793
EN-233,32.378,-64.682
EN-234,32.268,-64.855
EN-234,31.168,-64.490
EN-234,31.192,-64.523
EN-234,31.152,-64.505
EN-234,28.453,-64.508
EN-234,26.002,-64.505
EN-234,25.988,-64.520
EN-234,25.998,-64.507
EN-234,25.990,-64.510
EN-234,28.845,-64.480
EN-234,31.503,-64.423
EN-234,31.732,-64.162
EN-234,31.763,-64.300
EN-234,31.750,-64.172
EN-234,31.747,-64.175
EN-234,31.708,-64.153
EN-234,31.753,-64.167
EN-234,31.732,-64.185
EN-234,31.753,-64.172
EN-234,32.378,-64.680
EN-235,32.247,-64.562
EN-235,32.143,-64.515
EN-235,32.175,-64.505
EN-235,32.158,-64.498
EN-235,32.170,-64.503
EN-235,31.730,-64.240
EN-235,31.707,-64.238
EN-235,31.732,-64.255
EN-235,31.720,-64.275
EN-235,31.740,-64.218
EN-235,31.767,-64.192
EN-235,32.393,-64.565
EN-235,32.378,-64.682
EN-236,32.378,-64.682
EN-236,31.825,-64.580
EN-236,28.020,-64.618
EN-236,25.608,-64.907
EN-236,27.570,-68.482
EN-236,28.965,-71.165
EN-236,29.762,-72.805
EN-236,30.865,-74.867
EN-236,31.753,-76.292
EN-236,34.762,-75.278
EN-236,38.377,-72.657
EN-236,41.587,-71.412
EN-236,41.587,-71.412
EN-237,41.467,-71.372
EN-237,41.348,-67.503
EN-237,40.893,-67.975
EN-237,41.030,-68.047
EN-237,41.018,-68.040
EN-237,40.637,-68.197
EN-237,40.702,-68.848
EN-237,40.428,-67.705
EN-237,41.278,-68.605
EN-237,41.397,-71.135
EN-238,37.840,-68.445
EN-238,33.682,-65.303
EN-238,31.723,-64.162
EN-238,31.728,-64.240
EN-238,31.745,-64.175
EN-238,32.565,-64.132
EN-238,32.573,-64.092
EN-238,32.565,-64.145
EN-238,32.378,-64.682
EN-238,35.182,-66.368
EN-238,38.818,-69.057
EN-238,41.587,-71.412
EN-239,41.433,-71.393
EN-239,38.468,-72.513
EN-239,35.347,-74.947
EN-239,34.547,-74.335
EN-239,35.043,-75.045
EN-239,34.968,-74.800
EN-239,35.050,-75.068
EN-239,34.907,-74.685
EN-239,35.075,-75.045
EN-239,34.715,-76.703
EN-239,34.715,-76.703
EN-239,32.657,-75.832
EN-239,32.618,-75.117
EN-239,31.908,-75.503
EN-239,32.195,-75.138
EN-239,31.248,-74.860
EN-239,30.705,-74.238
EN-239,30.725,-74.180
EN-239,30.867,-73.945
EN-239,30.708,-74.185
EN-239,30.582,-74.232
EN-239,30.210,-73.748
EN-239,30.328,-74.185
EN-239,30.637,-74.320
EN-239,30.482,-74.292
EN-239,30.677,-74.280
EN-239,33.970,-74.270
EN-239,38.388,-72.750
EN-240,41.587,-71.412
EN-240,41.523,-70.672
EN-240,42.848,-69.853
EN-240,42.967,-70.388
EN-240,42.785,-69.798
EN-240,43.012,-70.650
EN-240,42.853,-69.672
EN-240,42.788,-69.778
EN-240,42.403,-69.535
EN-240,41.450,-70.230
EN-240,41.415,-71.297
EN-241,41.587,-71.412
EN-241,38.525,-74.115
EN-241,36.917,-76.173
EN-241,35.618,-74.768
EN-241,35.370,-74.872
EN-241,35.412,-74.825
EN-241,35.417,-74.790
EN-241,35.498,-74.733
EN-241,35.563,-74.715
EN-241,36.915,-76.173
EN-241,36.915,-76.173
EN-241,35.488,-74.813
EN-241,35.812,-74.830
EN-241,36.965,-76.162
EN-241,40.373,-72.190
EN-241,41.587,-71.408
EN-241,41.587,-71.409
EN-241,41.587,-71.409
EN-242,41.485,-71.347
EN-242,37.958,-68.632
EN-242,34.047,-65.593
EN-242,32.033,-64.370
EN-242,31.757,-64.167
EN-242,31.750,-64.167
EN-242,31.763,-64.162
EN-242,31.758,-64.167
EN-242,31.765,-64.170
EN-242,31.767,-64.168
EN-242,31.762,-64.158
EN-242,31.902,-64.162
EN-242,31.780,-64.152
EN-242,32.378,-64.682
EN-243,31.955,-65.143
EN-243,28.762,-68.913
EN-243,27.532,-68.752
EN-243,25.713,-65.087
EN-243,27.280,-67.792
EN-243,28.673,-70.787
EN-243,30.245,-73.648
EN-243,31.482,-75.968
EN-243,29.757,-72.842
EN-243,30.177,-71.665
EN-243,34.780,-71.537
EN-243,39.430,-71.417
EN-246,41.267,-71.027
EN-246,40.665,-69.150
EN-246,41.433,-70.783
EN-247,42.849,-68.954
EN-247,42.850,-68.955
EN-247,42.847,-68.956
EN-247,42.894,-68.953
EN-248,42.085,-67.635
EN-249,36.196,-75.699
EN-249,36.258,-75.557
EN-249,36.241,-75.581
EN-249,36.476,-75.784
EN-249,36.125,-75.418
EN-249,36.750,-75.775
EN-250,37.001,-75.686
EN-250,37.372,-74.468
EN-250,37.370,-74.459
EN-250,35.925,-71.571
EN-250,33.505,-67.185
EN-250,31.762,-65.115
EN-250,31.715,-64.302
EN-250,31.720,-64.298
EN-250,31.713,-64.303
EN-250,32.197,-64.469
EN-250,32.603,-65.871
EN-250,35.296,-71.810
EN-250,36.750,-75.560
EN-251,36.202,-75.695
EN-251,36.244,-75.584
EN-251,38.920,-73.225
EN-251,41.378,-70.890
EN-252,42.852,-68.948
EN-252,42.845,-68.961
EN-252,42.848,-68.952
EN-252,42.847,-68.948
EN-253,41.500,-70.667
EN-253,39.895,-67.980
EN-253,40.522,-67.420
EN-253,40.567,-67.402
EN-253,40.488,-67.453
EN-253,42.247,-67.485
EN-253,41.843,-68.502
EN-253,42.370,-69.481
EN-253,42.357,-69.612
EN-253,42.327,-69.648
EN-253,41.573,-70.672
EN-254,39.173,-73.060
EN-254,39.153,-75.671
EN-254,36.205,-75.682
EN-254,39.045,-70.670
EN-254,41.352,-70.933
EN-255,41.125,-70.715
EN-255,39.967,-65.847
EN-255,39.430,-61.290
EN-255,37.567,-57.250
EN-255,36.255,-54.475
EN-255,36.745,-58.195
EN-255,37.487,-58.615
EN-255,38.523,-59.317
EN-255,36.675,-58.317
EN-255,35.450,-63.423
EN-255,37.372,-67.195
EN-255,40.008,-69.555
EN-256,40.968,-67.315
EN-256,41.397,-67.553
EN-256,41.410,-67.545
EN-256,40.903,-67.639
EN-256,41.573,-70.672
EN-257,41.162,-66.192
EN-257,41.665,-61.787
EN-257,41.498,-57.356
EN-257,42.235,-57.862
EN-257,42.491,-55.656
EN-257,43.172,-55.262
EN-257,43.059,-55.212
EN-257,42.913,-58.053
EN-257,43.711,-59.404
EN-257,42.388,-60.497
EN-257,41.422,-60.450
EN-257,40.975,-62.301
EN-257,41.535,-62.623
EN-257,42.399,-63.382
EN-257,42.446,-63.424
EN-257,40.713,-65.633
EN-257,37.923,-68.227
EN-257,38.534,-69.018
EN-257,39.616,-69.746
EN-257,41.523,-70.672
EN-258,38.145,-74.228
EN-258,36.479,-75.777
EN-258,35.973,-75.587
EN-258,36.157,-75.318
EN-258,37.239,-75.270
EN-258,41.455,-70.742
